Date_of_acquisition,Cust_ID,ZIP,LAT,LNG,Acq_channel
2016-11-11,C_1,19104,39.95852,-75.198857,2
2016-01-26,C_39,11103,40.762574,-73.913447,1
2018-03-30,C_72,07620,40.968725,-73.916999,4
2017-01-07,C_117,19106,39.948629,-75.142789,3
2015-07-14,C_147,06002,41.84493,-72.740951,5
2017-09-06,C_182,19103,39.952896,-75.174298,2
2016-07-27,C_228,06467,41.567845,-72.899757,4
2017-02-19,C_258,02128,42.361129,-71.006975,3
2016-11-21,C_288,11213,40.671078,-73.936336,5
2018-05-28,C_290,19102,39.952783,-75.165586,1
2017-12-28,C_294,07087,40.767383,-74.032328,5
2015-03-26,C_310,06001,41.787159,-72.852046,3
2017-12-07,C_355,02126,42.274227,-71.097423,4
2017-04-29,C_367,02127,42.334992,-71.039093,1
2016-07-28,C_374,02129,42.379657,-71.061487,1
2018-10-06,C_386,11214,40.599148,-73.99609,4
2017-06-11,C_390,06479,41.57477,-72.9119,1
2015-03-25,C_408,11104,40.744634,-73.920201,3
2016-04-30,C_441,07608,40.852997,-74.060355,5
2015-09-28,C_465,07093,40.788079,-74.011357,2
2015-01-09,C_478,07087,40.767383,-74.032328,5
2016-09-10,C_488,11213,40.671078,-73.936336,5
2018-07-15,C_509,06467,41.567845,-72.899757,2
2018-05-17,C_518,07620,40.968725,-73.916999,4
2017-09-25,C_522,19106,39.948629,-75.142789,5
2018-12-29,C_544,07093,40.788079,-74.011357,5
2016-05-09,C_576,07093,40.788079,-74.011357,3
2017-10-23,C_579,07093,40.788079,-74.011357,2
2015-06-28,C_607,19104,39.95852,-75.198857,6
2015-07-27,C_620,19103,39.952896,-75.174298,2
2015-07-23,C_654,11213,40.671078,-73.936336,2
2015-07-18,C_688,02126,42.274227,-71.097423,6
2015-11-21,C_713,11103,40.762574,-73.913447,5
2018-09-20,C_733,11213,40.671078,-73.936336,2
2018-05-03,C_747,06001,41.787159,-72.852046,2
2018-08-31,C_756,07093,40.788079,-74.011357,1
2015-04-07,C_798,07087,40.767383,-74.032328,2
2017-07-08,C_810,07087,40.767383,-74.032328,5
2018-02-03,C_857,07608,40.852997,-74.060355,2
2015-10-19,C_905,07620,40.968725,-73.916999,5
2015-02-28,C_941,19103,39.952896,-75.174298,5
2017-12-31,C_977,07620,40.968725,-73.916999,6
2018-04-24,C_987,11104,40.744634,-73.920201,3
2016-01-30,C_988,06467,41.567845,-72.899757,1
2017-02-12,C_1016,11213,40.671078,-73.936336,3
2017-06-25,C_1066,19106,39.948629,-75.142789,2
2017-04-28,C_1107,06001,41.787159,-72.852046,6
2017-01-12,C_1135,11104,40.744634,-73.920201,3
2017-07-16,C_1139,06001,41.787159,-72.852046,4
2017-03-13,C_1189,02128,42.361129,-71.006975,5
2015-05-18,C_1229,11213,40.671078,-73.936336,5
2018-10-03,C_1260,07620,40.968725,-73.916999,5
2017-11-11,C_1285,11103,40.762574,-73.913447,3
2017-08-24,C_1297,06002,41.84493,-72.740951,2
2015-09-03,C_1327,07620,40.968725,-73.916999,4
2015-12-03,C_1377,11213,40.671078,-73.936336,6
2016-07-09,C_1401,02127,42.334992,-71.039093,6
2015-01-15,C_1425,02127,42.334992,-71.039093,4
2017-12-12,C_1437,11213,40.671078,-73.936336,3
2016-09-15,C_1464,11213,40.671078,-73.936336,2
2015-06-25,C_1481,07093,40.788079,-74.011357,2
2016-10-09,C_1512,06479,41.57477,-72.9119,4
2016-06-09,C_1528,06001,41.787159,-72.852046,5
2016-07-12,C_1569,02128,42.361129,-71.006975,6
2015-12-23,C_1595,02127,42.334992,-71.039093,4
2015-01-20,C_1634,11103,40.762574,-73.913447,2
2018-07-27,C_1675,07608,40.852997,-74.060355,3
2018-01-20,C_1725,06479,41.57477,-72.9119,3
2016-03-17,C_1763,19106,39.948629,-75.142789,2
2018-10-19,C_1809,02128,42.361129,-71.006975,5
2016-11-13,C_1859,19104,39.95852,-75.198857,6
2018-06-13,C_1863,19103,39.952896,-75.174298,2
2018-08-13,C_1901,02126,42.274227,-71.097423,6
2017-04-12,C_1925,19102,39.952783,-75.165586,5
2018-03-17,C_1975,02126,42.274227,-71.097423,3
2017-07-30,C_2022,11213,40.671078,-73.936336,2
2015-09-25,C_2036,06479,41.57477,-72.9119,1
2017-02-02,C_2070,06479,41.57477,-72.9119,2
2016-02-04,C_2111,06002,41.84493,-72.740951,2
2016-12-29,C_2154,19106,39.948629,-75.142789,4
2015-08-06,C_2158,19106,39.948629,-75.142789,2
2018-11-25,C_2174,07087,40.767383,-74.032328,4
2018-04-28,C_2180,07608,40.852997,-74.060355,3
2015-02-08,C_2183,06479,41.57477,-72.9119,4
2015-04-03,C_2227,06001,41.787159,-72.852046,4
2017-10-28,C_2273,11103,40.762574,-73.913447,4
2018-01-10,C_2277,07093,40.788079,-74.011357,2
2016-05-23,C_2305,19103,39.952896,-75.174298,5
2018-05-20,C_2313,02129,42.379657,-71.061487,4
2018-08-12,C_2359,07608,40.852997,-74.060355,3
2018-07-13,C_2396,07093,40.788079,-74.011357,2
2018-11-09,C_2438,07608,40.852997,-74.060355,4
2016-07-06,C_2487,11103,40.762574,-73.913447,6
2015-08-27,C_2525,19102,39.952783,-75.165586,2
2018-10-27,C_2572,02127,42.334992,-71.039093,1
2016-09-22,C_2611,02126,42.274227,-71.097423,2
2015-05-08,C_2650,19104,39.95852,-75.198857,5
2017-11-24,C_2651,07093,40.788079,-74.011357,4
2015-03-13,C_2686,07608,40.852997,-74.060355,4
2018-04-25,C_2703,11104,40.744634,-73.920201,6
2015-03-29,C_2721,19106,39.948629,-75.142789,6
2016-09-19,C_2761,02126,42.274227,-71.097423,5
2015-09-15,C_2806,07093,40.788079,-74.011357,3
2016-09-09,C_2842,19103,39.952896,-75.174298,1
2018-12-30,C_2875,19106,39.948629,-75.142789,4
2017-09-01,C_2920,06001,41.787159,-72.852046,2
2017-07-13,C_2957,06002,41.84493,-72.740951,5
2015-08-20,C_2977,02129,42.379657,-71.061487,4
2018-07-09,C_2982,06002,41.84493,-72.740951,6
2015-11-08,C_2986,02128,42.361129,-71.006975,2
2016-11-19,C_3034,11213,40.671078,-73.936336,4
2018-08-26,C_3037,07620,40.968725,-73.916999,6
2017-05-05,C_3064,02127,42.334992,-71.039093,1
2015-04-14,C_3112,11214,40.599148,-73.99609,2
2016-05-03,C_3143,07093,40.788079,-74.011357,3
2015-08-17,C_3149,07093,40.788079,-74.011357,5
2016-10-31,C_3166,19102,39.952783,-75.165586,4
2016-05-10,C_3209,02129,42.379657,-71.061487,2
2015-11-15,C_3258,11104,40.744634,-73.920201,1
2017-11-23,C_3278,02129,42.379657,-71.061487,2
2016-08-28,C_3301,19103,39.952896,-75.174298,5
2015-06-09,C_3317,11214,40.599148,-73.99609,3
2015-03-19,C_3346,02128,42.361129,-71.006975,3
2018-11-15,C_3347,02127,42.334992,-71.039093,5
2018-12-23,C_3371,11213,40.671078,-73.936336,4
2015-01-21,C_3416,11104,40.744634,-73.920201,4
2015-10-04,C_3462,02127,42.334992,-71.039093,2
2018-10-28,C_3478,11103,40.762574,-73.913447,2
2018-07-25,C_3498,19106,39.948629,-75.142789,4
2018-07-31,C_3544,02126,42.274227,-71.097423,1
2017-09-12,C_3553,06479,41.57477,-72.9119,3
2016-12-19,C_3559,19106,39.948629,-75.142789,3
2018-10-18,C_3584,19104,39.95852,-75.198857,4
2017-03-31,C_3593,02126,42.274227,-71.097423,4
2015-04-17,C_3611,11213,40.671078,-73.936336,2
2016-06-16,C_3643,07620,40.968725,-73.916999,1
2018-07-02,C_3662,07620,40.968725,-73.916999,2
2015-02-16,C_3700,06467,41.567845,-72.899757,1
2018-06-04,C_3726,19106,39.948629,-75.142789,2
2015-03-04,C_3734,02128,42.361129,-71.006975,3
2016-02-02,C_3752,19103,39.952896,-75.174298,6
2017-06-02,C_3763,02128,42.361129,-71.006975,3
2015-02-15,C_3796,19106,39.948629,-75.142789,3
2015-04-16,C_3804,02127,42.334992,-71.039093,5
2018-03-24,C_3832,07087,40.767383,-74.032328,5
2015-03-06,C_3870,02128,42.361129,-71.006975,2
2017-09-15,C_3908,19103,39.952896,-75.174298,5
2018-03-08,C_3925,19102,39.952783,-75.165586,5
2016-04-04,C_3939,19103,39.952896,-75.174298,5
2015-10-30,C_3966,07093,40.788079,-74.011357,2
2016-06-03,C_3995,06467,41.567845,-72.899757,5
2017-11-01,C_4001,11214,40.599148,-73.99609,3
2018-10-22,C_4024,19104,39.95852,-75.198857,3
2015-04-25,C_4065,06002,41.84493,-72.740951,3
2015-09-11,C_4071,11214,40.599148,-73.99609,3
2018-02-04,C_4093,06002,41.84493,-72.740951,6
2015-12-13,C_4134,19104,39.95852,-75.198857,3
2018-09-26,C_4159,11213,40.671078,-73.936336,5
2018-03-26,C_4196,11214,40.599148,-73.99609,5
2016-11-09,C_4228,02127,42.334992,-71.039093,4
2015-09-06,C_4271,07608,40.852997,-74.060355,5
2018-01-15,C_4321,06002,41.84493,-72.740951,4
2016-05-29,C_4358,11104,40.744634,-73.920201,1
2015-11-01,C_4398,07093,40.788079,-74.011357,2
2017-05-14,C_4446,19104,39.95852,-75.198857,3
2018-08-06,C_4466,06001,41.787159,-72.852046,5
2018-05-16,C_4514,02127,42.334992,-71.039093,5
2018-04-05,C_4529,06002,41.84493,-72.740951,4
2016-02-05,C_4544,11103,40.762574,-73.913447,2
2016-01-11,C_4547,11213,40.671078,-73.936336,3
2016-08-22,C_4594,07620,40.968725,-73.916999,3
2016-09-20,C_4607,19106,39.948629,-75.142789,3
2018-06-19,C_4645,11213,40.671078,-73.936336,4
2018-06-26,C_4681,02127,42.334992,-71.039093,2
2015-09-12,C_4726,07608,40.852997,-74.060355,1
2018-01-23,C_4771,07608,40.852997,-74.060355,6
2017-11-14,C_4807,02127,42.334992,-71.039093,2
2018-10-25,C_4845,06002,41.84493,-72.740951,4
2018-12-04,C_4891,06479,41.57477,-72.9119,1
2017-03-08,C_4912,11214,40.599148,-73.99609,5
2018-06-17,C_4928,06001,41.787159,-72.852046,4
2017-11-08,C_4963,02129,42.379657,-71.061487,3
2016-04-29,C_5002,07093,40.788079,-74.011357,2
2015-06-24,C_5040,02126,42.274227,-71.097423,2
2016-12-27,C_5050,19106,39.948629,-75.142789,6
2018-05-06,C_5078,11213,40.671078,-73.936336,2
2018-03-13,C_5101,07620,40.968725,-73.916999,5
2018-05-14,C_5151,07093,40.788079,-74.011357,2
2017-12-09,C_5166,19104,39.95852,-75.198857,4
2018-02-16,C_5191,19102,39.952783,-75.165586,5
2016-02-18,C_5206,11104,40.744634,-73.920201,3
2017-09-14,C_5232,06467,41.567845,-72.899757,1
2017-03-24,C_5236,19102,39.952783,-75.165586,6
2015-07-26,C_5263,11214,40.599148,-73.99609,5
2015-11-04,C_5304,19102,39.952783,-75.165586,3
2015-08-28,C_5343,11104,40.744634,-73.920201,1
2018-08-09,C_5384,11214,40.599148,-73.99609,3
2018-08-16,C_5422,06467,41.567845,-72.899757,4
2017-07-23,C_5455,19103,39.952896,-75.174298,2
2017-04-13,C_5493,06001,41.787159,-72.852046,3
2016-05-26,C_5541,02128,42.361129,-71.006975,6
2015-07-07,C_5582,02126,42.274227,-71.097423,2
2016-03-29,C_5615,19102,39.952783,-75.165586,3
2018-09-01,C_5665,07608,40.852997,-74.060355,2
2015-06-19,C_5678,06002,41.84493,-72.740951,2
2017-08-01,C_5692,02126,42.274227,-71.097423,4
2016-06-11,C_5742,07608,40.852997,-74.060355,3
2018-07-08,C_5750,11104,40.744634,-73.920201,2
2015-04-27,C_5783,02127,42.334992,-71.039093,4
2016-10-06,C_5827,19106,39.948629,-75.142789,2
2016-02-01,C_5831,19104,39.95852,-75.198857,3
2016-01-17,C_5864,07620,40.968725,-73.916999,5
2016-09-03,C_5882,11214,40.599148,-73.99609,5
2016-01-23,C_5914,19106,39.948629,-75.142789,2
2015-02-10,C_5923,06001,41.787159,-72.852046,3
2018-10-16,C_5933,07620,40.968725,-73.916999,4
2018-09-30,C_5974,19106,39.948629,-75.142789,5
2017-06-21,C_5981,02127,42.334992,-71.039093,4
2017-03-19,C_5982,07608,40.852997,-74.060355,6
2017-05-12,C_5984,06479,41.57477,-72.9119,6
2016-11-28,C_5989,07620,40.968725,-73.916999,3
2016-11-25,C_6039,07620,40.968725,-73.916999,4
2018-01-17,C_6053,11213,40.671078,-73.936336,2
2017-12-21,C_6074,06479,41.57477,-72.9119,3
2018-11-22,C_6122,07093,40.788079,-74.011357,5
2016-01-22,C_6137,19102,39.952783,-75.165586,4
2018-07-28,C_6139,06467,41.567845,-72.899757,5
2015-09-13,C_6176,06479,41.57477,-72.9119,1
2016-04-01,C_6189,19106,39.948629,-75.142789,1
2015-02-21,C_6228,02126,42.274227,-71.097423,3
2015-08-01,C_6275,06467,41.567845,-72.899757,2
2017-05-11,C_6290,07608,40.852997,-74.060355,3
2018-12-17,C_6308,19102,39.952783,-75.165586,4
2016-11-30,C_6316,07093,40.788079,-74.011357,2
2015-03-28,C_6325,11104,40.744634,-73.920201,5
2018-08-10,C_6365,02126,42.274227,-71.097423,3
2015-04-23,C_6383,19103,39.952896,-75.174298,2
2016-07-21,C_6414,07620,40.968725,-73.916999,1
2016-06-26,C_6459,02129,42.379657,-71.061487,3
2017-12-13,C_6486,11104,40.744634,-73.920201,4
2018-08-25,C_6511,06001,41.787159,-72.852046,1
2015-02-06,C_6519,06467,41.567845,-72.899757,2
2018-11-12,C_6556,11213,40.671078,-73.936336,5
2015-02-12,C_6605,19104,39.95852,-75.198857,6
2016-12-10,C_6607,06001,41.787159,-72.852046,1
2015-03-07,C_6656,06467,41.567845,-72.899757,1
2015-05-31,C_6687,07093,40.788079,-74.011357,1
2018-03-15,C_6698,19103,39.952896,-75.174298,1
2018-01-22,C_6714,02129,42.379657,-71.061487,5
2017-05-27,C_6723,19103,39.952896,-75.174298,4
2018-01-13,C_6747,19104,39.95852,-75.198857,4
2018-02-22,C_6765,07608,40.852997,-74.060355,1
2018-12-24,C_6799,19103,39.952896,-75.174298,4
2015-06-12,C_6802,06002,41.84493,-72.740951,4
2016-03-01,C_6813,07608,40.852997,-74.060355,4
2017-11-13,C_6858,11213,40.671078,-73.936336,4
2015-08-14,C_6861,06467,41.567845,-72.899757,3
2018-06-10,C_6870,06001,41.787159,-72.852046,4
2017-09-24,C_6884,02129,42.379657,-71.061487,1
2018-04-02,C_6885,19104,39.95852,-75.198857,5
2015-01-24,C_6924,11103,40.762574,-73.913447,4
2017-01-04,C_6960,06479,41.57477,-72.9119,1
2015-05-24,C_6988,06467,41.567845,-72.899757,4
2015-07-08,C_7008,07620,40.968725,-73.916999,3
2015-04-20,C_7039,19106,39.948629,-75.142789,5
2015-06-22,C_7082,19106,39.948629,-75.142789,5
2018-10-08,C_7084,06001,41.787159,-72.852046,2
2015-06-03,C_7116,06001,41.787159,-72.852046,3
2015-06-07,C_7158,06467,41.567845,-72.899757,4
2017-04-03,C_7163,11213,40.671078,-73.936336,2
2017-11-04,C_7207,19102,39.952783,-75.165586,4
2015-11-18,C_7230,19106,39.948629,-75.142789,5
2015-08-08,C_7246,02129,42.379657,-71.061487,5
2017-09-05,C_7273,07087,40.767383,-74.032328,5
2016-09-28,C_7274,19102,39.952783,-75.165586,4
2017-07-05,C_7277,06479,41.57477,-72.9119,2
2016-12-07,C_7300,07087,40.767383,-74.032328,6
2018-09-13,C_7350,19103,39.952896,-75.174298,4
2015-07-02,C_7387,02129,42.379657,-71.061487,3
2016-07-19,C_7417,06479,41.57477,-72.9119,1
2016-07-11,C_7466,07620,40.968725,-73.916999,5
2018-05-25,C_7472,02129,42.379657,-71.061487,1
2016-10-24,C_7496,02129,42.379657,-71.061487,4
2018-12-18,C_7536,02129,42.379657,-71.061487,1
2017-03-05,C_7560,07087,40.767383,-74.032328,2
2018-12-14,C_7596,11103,40.762574,-73.913447,5
2018-04-09,C_7613,02127,42.334992,-71.039093,2
2019-01-01,C_7617,11214,40.599148,-73.99609,3
2017-10-09,C_7649,02128,42.361129,-71.006975,3
2017-12-19,C_7661,06002,41.84493,-72.740951,6
2017-05-23,C_7677,02127,42.334992,-71.039093,3
2015-07-29,C_7723,06467,41.567845,-72.899757,4
2015-03-09,C_7770,19102,39.952783,-75.165586,6
2018-02-17,C_7813,19106,39.948629,-75.142789,2
2016-03-23,C_7831,06467,41.567845,-72.899757,5
2015-11-26,C_7849,07608,40.852997,-74.060355,6
2015-12-15,C_7854,11213,40.671078,-73.936336,2
2018-10-02,C_7858,02128,42.361129,-71.006975,1
2015-01-12,C_7905,06001,41.787159,-72.852046,3
2018-09-17,C_7937,11104,40.744634,-73.920201,1
2016-07-18,C_7952,02129,42.379657,-71.061487,1
2015-11-02,C_7975,07087,40.767383,-74.032328,4
2015-09-21,C_8016,02129,42.379657,-71.061487,4
2016-03-19,C_8057,19106,39.948629,-75.142789,2
2015-09-08,C_8085,11214,40.599148,-73.99609,1
2015-06-29,C_8132,11104,40.744634,-73.920201,5
2016-03-20,C_8171,07093,40.788079,-74.011357,3
2016-05-25,C_8202,07087,40.767383,-74.032328,4
2016-03-07,C_8228,11213,40.671078,-73.936336,3
2016-09-17,C_8267,11214,40.599148,-73.99609,3
2017-11-27,C_8301,19106,39.948629,-75.142789,4
2016-01-13,C_8320,07087,40.767383,-74.032328,5
2015-04-08,C_8338,19102,39.952783,-75.165586,2
2016-03-22,C_8348,07608,40.852997,-74.060355,6
2016-11-22,C_8360,07620,40.968725,-73.916999,6
2018-08-07,C_8405,19106,39.948629,-75.142789,2
2016-02-15,C_8452,19106,39.948629,-75.142789,2
2018-03-27,C_8462,02126,42.274227,-71.097423,5
2016-03-11,C_8465,11213,40.671078,-73.936336,5
2016-11-15,C_8506,07620,40.968725,-73.916999,5
2016-12-04,C_8555,19106,39.948629,-75.142789,3
2016-08-18,C_8567,11213,40.671078,-73.936336,3
2015-07-24,C_8602,19106,39.948629,-75.142789,5
2016-08-03,C_8647,11103,40.762574,-73.913447,5
2016-10-05,C_8681,06002,41.84493,-72.740951,2
2017-01-08,C_8708,19102,39.952783,-75.165586,2
2015-12-22,C_8742,06002,41.84493,-72.740951,2
2018-04-15,C_8753,02128,42.361129,-71.006975,3
2015-04-06,C_8789,02126,42.274227,-71.097423,4
2018-04-30,C_8839,02128,42.361129,-71.006975,5
2017-07-03,C_8852,11104,40.744634,-73.920201,2
2018-11-10,C_8900,11104,40.744634,-73.920201,2
2017-10-06,C_8910,07608,40.852997,-74.060355,5
2018-10-14,C_8940,07620,40.968725,-73.916999,5
2017-08-26,C_8989,11103,40.762574,-73.913447,5
2018-09-14,C_9004,19102,39.952783,-75.165586,3
2018-05-19,C_9038,19104,39.95852,-75.198857,2
2016-07-14,C_9059,19103,39.952896,-75.174298,2
2016-04-10,C_9062,19102,39.952783,-75.165586,5
2017-06-09,C_9107,02128,42.361129,-71.006975,4
2016-01-29,C_9116,07087,40.767383,-74.032328,5
2018-02-27,C_9134,06002,41.84493,-72.740951,4
2016-02-13,C_9136,11213,40.671078,-73.936336,1
2016-12-24,C_9162,19106,39.948629,-75.142789,3
2016-03-04,C_9182,19106,39.948629,-75.142789,5
2018-01-04,C_9200,02127,42.334992,-71.039093,4
2017-09-03,C_9210,07093,40.788079,-74.011357,1
2018-06-01,C_9256,02128,42.361129,-71.006975,5
2016-08-09,C_9280,07087,40.767383,-74.032328,2
2016-10-20,C_9309,07608,40.852997,-74.060355,5
2015-10-23,C_9332,11104,40.744634,-73.920201,3
2017-08-27,C_9346,02127,42.334992,-71.039093,4
2018-03-20,C_9358,07608,40.852997,-74.060355,2
2018-05-31,C_9364,06479,41.57477,-72.9119,5
2015-12-26,C_9395,06479,41.57477,-72.9119,5
2015-01-17,C_9423,19102,39.952783,-75.165586,3
2018-07-16,C_9448,07093,40.788079,-74.011357,4
2017-05-30,C_9454,06002,41.84493,-72.740951,4
2017-03-06,C_9468,07620,40.968725,-73.916999,5
2017-06-19,C_9497,07087,40.767383,-74.032328,4
2015-03-31,C_9502,11104,40.744634,-73.920201,1
2015-12-04,C_9507,19106,39.948629,-75.142789,3
2018-12-20,C_9544,06467,41.567845,-72.899757,3
2015-05-19,C_9565,11103,40.762574,-73.913447,3
2015-12-09,C_9581,19106,39.948629,-75.142789,3
2018-11-19,C_9588,02129,42.379657,-71.061487,4
2018-08-22,C_9610,19102,39.952783,-75.165586,4
2017-05-04,C_9625,11213,40.671078,-73.936336,2
2015-12-12,C_9660,19106,39.948629,-75.142789,2
2018-03-11,C_9671,19106,39.948629,-75.142789,5
2016-09-07,C_9712,19102,39.952783,-75.165586,4
2017-05-01,C_9731,11213,40.671078,-73.936336,2
2018-07-12,C_9760,07608,40.852997,-74.060355,1
2018-05-12,C_9783,19104,39.95852,-75.198857,3
2015-09-09,C_9824,19106,39.948629,-75.142789,3
2018-09-27,C_9862,11103,40.762574,-73.913447,2
2016-01-07,C_9877,11104,40.744634,-73.920201,5
2015-05-02,C_9917,02127,42.334992,-71.039093,5
2016-02-17,C_9948,11103,40.762574,-73.913447,4
2015-11-28,C_9957,02126,42.274227,-71.097423,2
2018-03-18,C_9981,11214,40.599148,-73.99609,3
2017-09-27,C_9993,11103,40.762574,-73.913447,1
2015-05-12,C_10013,06467,41.567845,-72.899757,6
2018-06-16,C_10040,19102,39.952783,-75.165586,3
2017-10-04,C_10041,02127,42.334992,-71.039093,1
2015-09-22,C_10043,02129,42.379657,-71.061487,2
2016-07-30,C_10050,07087,40.767383,-74.032328,3
2015-07-10,C_10053,19104,39.95852,-75.198857,6
2018-10-15,C_10100,19106,39.948629,-75.142789,4
2015-04-10,C_10131,11214,40.599148,-73.99609,4
2016-05-13,C_10133,11213,40.671078,-73.936336,4
2018-03-10,C_10150,11103,40.762574,-73.913447,2
2016-12-02,C_10187,11103,40.762574,-73.913447,1
2015-08-22,C_10228,07620,40.968725,-73.916999,4
2018-06-08,C_10241,06479,41.57477,-72.9119,1
2017-07-24,C_10261,06001,41.787159,-72.852046,5
2017-02-03,C_10266,11103,40.762574,-73.913447,1
2016-07-31,C_10267,19106,39.948629,-75.142789,3
2017-03-12,C_10300,07093,40.788079,-74.011357,5
2015-11-14,C_10330,11103,40.762574,-73.913447,1
2015-01-25,C_10375,06467,41.567845,-72.899757,1
2015-02-22,C_10413,07608,40.852997,-74.060355,2
2015-01-28,C_10420,02129,42.379657,-71.061487,2
2016-06-13,C_10448,11103,40.762574,-73.913447,1
2017-01-23,C_10457,19104,39.95852,-75.198857,5
2015-07-21,C_10496,06467,41.567845,-72.899757,1
2018-07-24,C_10527,06467,41.567845,-72.899757,4
2017-08-05,C_10570,02129,42.379657,-71.061487,2
2018-12-07,C_10589,11104,40.744634,-73.920201,5
2017-09-21,C_10638,19103,39.952896,-75.174298,1
2015-10-26,C_10648,06001,41.787159,-72.852046,5
2016-11-18,C_10695,11104,40.744634,-73.920201,4
2015-05-11,C_10743,19106,39.948629,-75.142789,4
2016-05-02,C_10750,11103,40.762574,-73.913447,1
2016-10-27,C_10764,06001,41.787159,-72.852046,3
2018-11-07,C_10808,19103,39.952896,-75.174298,2
2015-07-04,C_10816,06467,41.567845,-72.899757,5
2015-07-11,C_10838,07608,40.852997,-74.060355,3
2018-05-26,C_10842,11214,40.599148,-73.99609,5
2015-05-27,C_10890,02127,42.334992,-71.039093,2
2017-01-18,C_10892,07608,40.852997,-74.060355,2
2016-11-16,C_10923,07093,40.788079,-74.011357,2
2017-10-20,C_10933,07093,40.788079,-74.011357,1
2016-12-30,C_10957,19104,39.95852,-75.198857,5
2016-06-01,C_11007,11104,40.744634,-73.920201,3
2017-07-11,C_11039,02129,42.379657,-71.061487,2
2015-05-17,C_11049,02128,42.361129,-71.006975,5
2017-02-05,C_11088,02126,42.274227,-71.097423,3
2017-10-22,C_11100,19104,39.95852,-75.198857,2
2016-04-20,C_11118,07087,40.767383,-74.032328,2
2016-03-10,C_11124,19106,39.948629,-75.142789,1
2015-10-21,C_11143,02128,42.361129,-71.006975,2
2016-06-30,C_11171,11103,40.762574,-73.913447,5
2017-12-10,C_11175,11103,40.762574,-73.913447,4
2017-01-17,C_11210,06002,41.84493,-72.740951,4
2018-08-19,C_11226,07093,40.788079,-74.011357,1
2018-04-21,C_11248,06001,41.787159,-72.852046,3
2016-04-17,C_11281,06479,41.57477,-72.9119,4
2018-07-18,C_11325,19103,39.952896,-75.174298,5
2015-01-08,C_11362,02127,42.334992,-71.039093,2
2016-11-06,C_11373,19104,39.95852,-75.198857,3
2016-12-01,C_11404,07620,40.968725,-73.916999,2
2017-03-02,C_11423,07608,40.852997,-74.060355,4
2017-04-25,C_11433,19102,39.952783,-75.165586,5
2017-11-21,C_11478,07620,40.968725,-73.916999,3
2017-12-29,C_11507,07087,40.767383,-74.032328,5
2015-03-18,C_11554,02127,42.334992,-71.039093,5
2017-11-16,C_11579,11104,40.744634,-73.920201,2
2015-10-10,C_11612,19103,39.952896,-75.174298,4
2015-11-11,C_11651,11104,40.744634,-73.920201,2
2017-08-12,C_11670,19106,39.948629,-75.142789,3
2015-09-27,C_11675,07087,40.767383,-74.032328,1
2016-12-20,C_11715,19104,39.95852,-75.198857,4
2016-03-27,C_11738,06002,41.84493,-72.740951,6
2017-06-22,C_11768,02127,42.334992,-71.039093,6
2017-10-03,C_11776,19106,39.948629,-75.142789,5
2016-02-08,C_11777,06001,41.787159,-72.852046,1
2017-03-28,C_11797,02126,42.274227,-71.097423,6
2015-06-06,C_11816,02129,42.379657,-71.061487,1
2016-07-25,C_11860,07608,40.852997,-74.060355,5
2017-05-31,C_11906,11214,40.599148,-73.99609,5
2017-04-10,C_11936,07087,40.767383,-74.032328,4
2018-01-29,C_11937,02127,42.334992,-71.039093,5
2018-07-06,C_11953,02129,42.379657,-71.061487,3
2015-10-20,C_11989,07620,40.968725,-73.916999,4
2016-06-06,C_12027,11214,40.599148,-73.99609,3
2018-08-20,C_12053,11213,40.671078,-73.936336,2
2015-01-03,C_12089,19103,39.952896,-75.174298,6
2016-09-26,C_12125,19102,39.952783,-75.165586,1
2018-06-14,C_12171,19104,39.95852,-75.198857,4
2017-06-08,C_12190,11104,40.744634,-73.920201,3
2017-02-14,C_12210,06479,41.57477,-72.9119,3
2018-12-02,C_12237,06467,41.567845,-72.899757,3
2015-06-21,C_12241,02127,42.334992,-71.039093,6
2017-10-25,C_12244,02129,42.379657,-71.061487,6
2017-10-14,C_12257,19102,39.952783,-75.165586,4
2015-05-06,C_12292,07620,40.968725,-73.916999,3
2017-03-09,C_12335,11104,40.744634,-73.920201,5
2017-01-11,C_12382,06479,41.57477,-72.9119,4
2018-08-17,C_12394,19103,39.952896,-75.174298,3
2015-07-17,C_12396,02129,42.379657,-71.061487,2
2015-01-22,C_12397,02126,42.274227,-71.097423,4
2017-08-11,C_12408,06001,41.787159,-72.852046,5
2017-08-08,C_12448,06001,41.787159,-72.852046,5
2018-02-23,C_12461,11213,40.671078,-73.936336,4
2018-08-01,C_12494,06467,41.567845,-72.899757,1
2015-11-05,C_12517,11104,40.744634,-73.920201,2
2015-08-18,C_12518,11213,40.671078,-73.936336,4
2015-09-18,C_12555,07087,40.767383,-74.032328,6
2017-04-20,C_12576,07093,40.788079,-74.011357,2
2015-05-05,C_12613,19104,39.95852,-75.198857,5
2015-05-30,C_12641,06467,41.567845,-72.899757,3
2018-12-10,C_12684,07620,40.968725,-73.916999,3
2018-10-09,C_12710,19106,39.948629,-75.142789,3
2018-09-07,C_12746,19104,39.95852,-75.198857,3
2017-03-21,C_12791,02128,42.361129,-71.006975,1
2015-11-24,C_12840,06479,41.57477,-72.9119,2
2015-07-13,C_12863,07620,40.968725,-73.916999,4
2015-02-03,C_12867,11103,40.762574,-73.913447,2
2018-11-29,C_12912,07620,40.968725,-73.916999,2
2018-11-28,C_12946,19102,39.952783,-75.165586,4
2016-04-07,C_12965,19106,39.948629,-75.142789,2
2015-11-23,C_12966,06001,41.787159,-72.852046,4
2017-04-16,C_12998,02126,42.274227,-71.097423,5
2015-08-09,C_13008,19104,39.95852,-75.198857,1
2018-02-11,C_13034,19103,39.952896,-75.174298,3
2017-07-29,C_13073,11213,40.671078,-73.936336,2
2015-07-30,C_13076,06002,41.84493,-72.740951,5
2018-05-07,C_13097,02129,42.379657,-71.061487,2
2016-12-23,C_13137,11104,40.744634,-73.920201,2
2016-05-18,C_13181,06467,41.567845,-72.899757,4
2015-02-19,C_13186,19102,39.952783,-75.165586,1
2017-06-14,C_13198,02128,42.361129,-71.006975,6
2015-11-27,C_13201,02129,42.379657,-71.061487,2
2018-02-20,C_13228,07087,40.767383,-74.032328,6
2015-05-14,C_13252,07093,40.788079,-74.011357,1
2015-10-02,C_13298,11213,40.671078,-73.936336,6
2017-12-05,C_13313,06479,41.57477,-72.9119,3
2018-03-23,C_13360,06001,41.787159,-72.852046,2
2017-09-18,C_13390,07620,40.968725,-73.916999,3
2017-09-30,C_13415,06002,41.84493,-72.740951,4
2016-12-26,C_13438,19103,39.952896,-75.174298,6
2017-07-07,C_13441,02127,42.334992,-71.039093,3
2017-02-11,C_13451,19103,39.952896,-75.174298,4
2016-02-07,C_13491,06467,41.567845,-72.899757,1
2015-12-10,C_13513,19106,39.948629,-75.142789,2
2016-01-19,C_13543,19102,39.952783,-75.165586,3
2018-07-29,C_13566,11103,40.762574,-73.913447,4
2017-10-10,C_13582,06479,41.57477,-72.9119,6
2016-12-17,C_13623,02129,42.379657,-71.061487,6
2016-10-11,C_13671,11214,40.599148,-73.99609,6
2016-04-15,C_13688,19103,39.952896,-75.174298,3
2017-02-09,C_13689,11103,40.762574,-73.913447,4
2016-08-05,C_13696,07620,40.968725,-73.916999,4
2018-01-06,C_13702,11103,40.762574,-73.913447,3
2016-02-11,C_13709,19102,39.952783,-75.165586,3
2016-01-03,C_13715,06479,41.57477,-72.9119,6
2017-03-16,C_13748,11103,40.762574,-73.913447,3
2017-08-23,C_13760,02127,42.334992,-71.039093,4
2017-02-27,C_13778,02127,42.334992,-71.039093,5
2016-09-04,C_13799,02128,42.361129,-71.006975,4
2015-06-13,C_13830,19102,39.952783,-75.165586,4
2016-02-23,C_13837,06001,41.787159,-72.852046,3
2015-02-27,C_13885,06479,41.57477,-72.9119,1
2016-03-13,C_13897,02127,42.334992,-71.039093,6
2015-07-05,C_13930,11214,40.599148,-73.99609,5
2015-08-25,C_13950,02128,42.361129,-71.006975,4
2016-04-24,C_13977,06479,41.57477,-72.9119,3
2017-12-24,C_13978,11213,40.671078,-73.936336,4
2017-03-22,C_14010,06001,41.787159,-72.852046,5
2016-02-21,C_14033,06001,41.787159,-72.852046,2
2016-04-05,C_14068,07608,40.852997,-74.060355,4
2018-11-18,C_14069,06467,41.567845,-72.899757,4
2015-08-02,C_14107,19104,39.95852,-75.198857,6
2016-07-15,C_14150,02126,42.274227,-71.097423,1
2017-05-17,C_14156,02129,42.379657,-71.061487,3
2016-08-29,C_14164,07608,40.852997,-74.060355,5
2016-11-12,C_14207,07093,40.788079,-74.011357,6
2018-05-13,C_14236,02129,42.379657,-71.061487,5
2016-10-12,C_14238,19102,39.952783,-75.165586,5
2016-06-07,C_14243,02129,42.379657,-71.061487,5
2016-04-26,C_14251,11104,40.744634,-73.920201,4
2015-01-05,C_14268,02128,42.361129,-71.006975,1
2015-01-18,C_14277,06002,41.84493,-72.740951,6
2018-02-26,C_14300,11103,40.762574,-73.913447,2
2016-08-31,C_14314,06479,41.57477,-72.9119,6
2016-05-07,C_14353,19106,39.948629,-75.142789,4
2018-01-31,C_14354,11104,40.744634,-73.920201,5
2018-12-26,C_14390,19106,39.948629,-75.142789,6
2017-08-02,C_14406,07093,40.788079,-74.011357,2
2017-03-03,C_14435,11104,40.744634,-73.920201,5
2017-08-30,C_14483,19106,39.948629,-75.142789,5
2015-03-03,C_14497,11213,40.671078,-73.936336,4
2017-04-23,C_14532,06002,41.84493,-72.740951,2
2015-05-28,C_14534,07608,40.852997,-74.060355,3
2015-08-24,C_14559,19104,39.95852,-75.198857,3
2017-05-26,C_14585,07620,40.968725,-73.916999,2
2017-01-21,C_14612,06467,41.567845,-72.899757,5
2016-11-08,C_14636,06002,41.84493,-72.740951,2
2015-01-14,C_14646,19103,39.952896,-75.174298,3
2015-12-19,C_14664,06479,41.57477,-72.9119,2
2016-07-03,C_14681,07608,40.852997,-74.060355,3
2015-04-11,C_14721,07087,40.767383,-74.032328,2
2017-02-18,C_14746,02129,42.379657,-71.061487,2
2018-10-11,C_14783,02127,42.334992,-71.039093,2
2018-12-11,C_14821,19102,39.952783,-75.165586,5
2018-10-21,C_14845,06001,41.787159,-72.852046,1
2017-05-02,C_14874,06467,41.567845,-72.899757,4
2016-04-23,C_14924,06467,41.567845,-72.899757,5
2016-10-14,C_14965,11103,40.762574,-73.913447,3
2016-02-29,C_15013,11103,40.762574,-73.913447,3
2015-07-20,C_15045,07093,40.788079,-74.011357,4
2016-08-13,C_15095,11103,40.762574,-73.913447,2
2017-04-22,C_15121,11213,40.671078,-73.936336,2
2018-06-20,C_15137,02127,42.334992,-71.039093,3
2015-02-09,C_15168,19106,39.948629,-75.142789,4
2017-07-14,C_15173,19103,39.952896,-75.174298,2
2017-06-16,C_15178,02126,42.274227,-71.097423,3
2017-04-17,C_15205,19102,39.952783,-75.165586,2
2017-11-20,C_15223,06002,41.84493,-72.740951,3
2016-10-17,C_15232,06467,41.567845,-72.899757,6
2018-09-08,C_15255,11104,40.744634,-73.920201,5
2018-01-25,C_15290,19103,39.952896,-75.174298,1
2017-01-05,C_15306,07087,40.767383,-74.032328,3
2017-01-10,C_15345,02126,42.274227,-71.097423,6
2017-06-28,C_15362,06002,41.84493,-72.740951,4
2017-11-26,C_15409,06467,41.567845,-72.899757,2
2017-09-28,C_15457,19103,39.952896,-75.174298,2
2016-03-16,C_15485,07620,40.968725,-73.916999,2
2015-10-05,C_15526,19104,39.95852,-75.198857,5
2016-05-31,C_15564,19106,39.948629,-75.142789,4
2018-02-08,C_15612,02128,42.361129,-71.006975,3
2015-05-15,C_15646,19106,39.948629,-75.142789,2
2017-02-15,C_15691,19102,39.952783,-75.165586,4
2018-04-18,C_15716,06001,41.787159,-72.852046,1
2018-05-01,C_15728,02127,42.334992,-71.039093,4
2018-01-01,C_15769,02126,42.274227,-71.097423,2
2017-06-12,C_15774,06467,41.567845,-72.899757,3
2017-09-20,C_15795,11214,40.599148,-73.99609,4
2015-10-11,C_15801,11214,40.599148,-73.99609,5
2018-12-15,C_15805,07093,40.788079,-74.011357,6
2016-05-22,C_15832,02127,42.334992,-71.039093,6
2016-10-04,C_15833,07093,40.788079,-74.011357,2
2015-12-16,C_15843,06002,41.84493,-72.740951,3
2018-09-23,C_15891,11214,40.599148,-73.99609,3
2018-02-19,C_15902,02127,42.334992,-71.039093,5
2018-03-14,C_15917,11214,40.599148,-73.99609,2
2017-06-24,C_15954,06467,41.567845,-72.899757,2
2015-01-30,C_15983,11103,40.762574,-73.913447,2
2015-12-06,C_15998,19106,39.948629,-75.142789,1
2018-02-01,C_16040,07620,40.968725,-73.916999,3
2018-10-05,C_16052,06467,41.567845,-72.899757,2
2015-03-20,C_16058,07087,40.767383,-74.032328,4
2017-08-18,C_16107,19104,39.95852,-75.198857,5
2015-11-07,C_16126,11103,40.762574,-73.913447,5
2017-03-15,C_16141,11103,40.762574,-73.913447,4
2015-09-24,C_16169,07608,40.852997,-74.060355,2
2017-06-27,C_16209,19102,39.952783,-75.165586,5
2018-06-24,C_16251,02126,42.274227,-71.097423,4
2016-06-29,C_16286,19102,39.952783,-75.165586,5
2017-11-30,C_16323,06002,41.84493,-72.740951,6
2016-04-18,C_16360,11214,40.599148,-73.99609,2
2016-01-04,C_16365,19104,39.95852,-75.198857,1
2017-09-22,C_16392,02128,42.361129,-71.006975,2
2017-05-21,C_16432,07620,40.968725,-73.916999,5
2016-05-12,C_16459,02128,42.361129,-71.006975,3
2018-11-13,C_16502,06002,41.84493,-72.740951,1
2016-07-24,C_16510,19103,39.952896,-75.174298,3
2017-08-17,C_16522,19103,39.952896,-75.174298,4
2018-07-05,C_16568,19102,39.952783,-75.165586,3
2017-05-07,C_16611,06001,41.787159,-72.852046,4
2015-12-28,C_16622,07620,40.968725,-73.916999,2
2018-11-06,C_16641,11213,40.671078,-73.936336,4
2015-10-13,C_16672,11214,40.599148,-73.99609,1
2017-08-29,C_16714,07608,40.852997,-74.060355,4
2018-12-12,C_16731,11213,40.671078,-73.936336,3
2017-01-24,C_16756,19103,39.952896,-75.174298,2
2018-01-09,C_16769,19106,39.948629,-75.142789,6
2015-01-27,C_16818,06002,41.84493,-72.740951,2
2015-08-15,C_16843,06467,41.567845,-72.899757,3
2016-08-02,C_16881,11214,40.599148,-73.99609,2
2017-07-04,C_16898,19104,39.95852,-75.198857,3
2018-06-05,C_16907,02127,42.334992,-71.039093,3
2018-06-21,C_16944,02129,42.379657,-71.061487,1
2017-10-07,C_16965,07087,40.767383,-74.032328,4
2016-10-01,C_16975,11213,40.671078,-73.936336,3
2016-10-02,C_17008,02127,42.334992,-71.039093,3
2016-06-10,C_17047,07608,40.852997,-74.060355,6
2018-10-24,C_17048,11104,40.744634,-73.920201,5
2015-06-26,C_17063,11104,40.744634,-73.920201,4
2015-12-31,C_17076,19102,39.952783,-75.165586,6
2015-08-31,C_17109,07608,40.852997,-74.060355,6
2015-08-05,C_17127,06001,41.787159,-72.852046,5
2016-06-19,C_17162,06001,41.787159,-72.852046,6
2018-10-30,C_17164,06001,41.787159,-72.852046,5
2016-10-30,C_17167,06002,41.84493,-72.740951,4
2017-10-19,C_17170,07608,40.852997,-74.060355,2
2016-10-08,C_17183,11214,40.599148,-73.99609,2
2018-09-25,C_17221,11104,40.744634,-73.920201,5
2016-11-03,C_17237,07087,40.767383,-74.032328,2
2017-02-08,C_17261,07093,40.788079,-74.011357,3
2015-05-09,C_17304,11213,40.671078,-73.936336,4
2017-04-04,C_17329,06001,41.787159,-72.852046,5
2017-08-14,C_17347,06001,41.787159,-72.852046,6
2018-02-07,C_17383,06002,41.84493,-72.740951,1
2015-09-02,C_17409,19102,39.952783,-75.165586,5
2017-11-02,C_17457,06479,41.57477,-72.9119,4
2015-06-02,C_17482,07093,40.788079,-74.011357,4
2015-04-19,C_17503,06479,41.57477,-72.9119,1
2017-10-13,C_17535,11104,40.744634,-73.920201,5
2016-05-28,C_17539,11104,40.744634,-73.920201,5
2016-06-17,C_17568,02129,42.379657,-71.061487,5
2015-08-30,C_17599,02128,42.361129,-71.006975,5
2017-10-17,C_17630,02128,42.361129,-71.006975,5
2017-09-08,C_17658,02127,42.334992,-71.039093,3
2015-11-09,C_17679,06479,41.57477,-72.9119,3
2017-05-08,C_17685,02128,42.361129,-71.006975,1
2016-01-14,C_17733,02128,42.361129,-71.006975,6
2017-05-09,C_17779,19104,39.95852,-75.198857,2
2018-04-12,C_17808,19103,39.952896,-75.174298,3
2017-03-29,C_17822,02129,42.379657,-71.061487,4
2016-01-06,C_17858,19102,39.952783,-75.165586,3
2017-01-30,C_17863,06467,41.567845,-72.899757,4
2018-09-19,C_17909,02126,42.274227,-71.097423,6
2018-03-05,C_17924,06479,41.57477,-72.9119,4
2015-03-23,C_17943,19102,39.952783,-75.165586,4
2018-12-05,C_17984,06001,41.787159,-72.852046,6
2017-01-27,C_17985,02128,42.361129,-71.006975,4
2017-11-07,C_18029,19102,39.952783,-75.165586,6
2017-06-03,C_18046,11213,40.671078,-73.936336,2
2016-01-16,C_18083,07608,40.852997,-74.060355,5
2017-09-11,C_18100,06002,41.84493,-72.740951,5
2016-11-05,C_18143,02128,42.361129,-71.006975,1
2017-06-06,C_18152,19104,39.95852,-75.198857,3
2016-12-13,C_18171,19102,39.952783,-75.165586,4
2018-12-01,C_18209,19103,39.952896,-75.174298,3
2016-08-10,C_18234,06001,41.787159,-72.852046,5
2017-04-15,C_18281,02128,42.361129,-71.006975,2
2017-04-19,C_18294,11214,40.599148,-73.99609,2
2015-06-18,C_18328,19103,39.952896,-75.174298,1
2018-06-29,C_18351,07093,40.788079,-74.011357,4
2017-08-20,C_18398,06479,41.57477,-72.9119,6
2015-10-24,C_18404,06001,41.787159,-72.852046,1
2017-02-28,C_18451,11104,40.744634,-73.920201,5
2016-05-21,C_18492,11104,40.744634,-73.920201,1
2016-02-14,C_18506,11214,40.599148,-73.99609,6
2017-03-27,C_18514,19102,39.952783,-75.165586,3
2018-11-03,C_18517,07608,40.852997,-74.060355,2
2016-06-22,C_18549,06479,41.57477,-72.9119,2
2015-10-16,C_18565,06479,41.57477,-72.9119,5
2016-12-14,C_18608,19103,39.952896,-75.174298,3
2016-12-21,C_18657,19103,39.952896,-75.174298,4
2018-01-12,C_18690,07087,40.767383,-74.032328,3
2015-06-15,C_18691,19102,39.952783,-75.165586,3
2018-04-14,C_18705,19104,39.95852,-75.198857,4
2018-09-16,C_18735,07608,40.852997,-74.060355,2
2016-09-23,C_18764,02127,42.334992,-71.039093,5
2015-10-01,C_18794,07608,40.852997,-74.060355,3
2017-11-17,C_18795,06467,41.567845,-72.899757,2
2017-02-25,C_18809,11103,40.762574,-73.913447,1
2017-04-06,C_18832,06001,41.787159,-72.852046,3
2017-12-26,C_18848,11103,40.762574,-73.913447,4
2017-01-26,C_18872,02128,42.361129,-71.006975,4
2016-10-28,C_18899,11213,40.671078,-73.936336,2
2016-04-11,C_18937,02128,42.361129,-71.006975,4
2016-04-27,C_18961,11214,40.599148,-73.99609,4
2015-03-01,C_18965,07608,40.852997,-74.060355,2
2015-04-30,C_19009,11214,40.599148,-73.99609,2
2018-06-23,C_19058,02128,42.361129,-71.006975,2
2017-09-02,C_19065,02127,42.334992,-71.039093,6
2016-12-08,C_19098,11213,40.671078,-73.936336,3
2018-01-16,C_19106,19104,39.95852,-75.198857,6
2018-01-03,C_19111,06479,41.57477,-72.9119,3
2018-03-04,C_19156,07620,40.968725,-73.916999,5
2018-09-03,C_19161,02126,42.274227,-71.097423,3
2015-04-04,C_19167,07087,40.767383,-74.032328,2
2016-09-29,C_19186,02129,42.379657,-71.061487,6
2015-10-07,C_19216,11213,40.671078,-73.936336,5
2017-10-11,C_19224,02129,42.379657,-71.061487,3
2016-03-26,C_19247,11214,40.599148,-73.99609,2
2017-06-18,C_19296,07093,40.788079,-74.011357,3
2017-07-10,C_19342,19103,39.952896,-75.174298,1
2018-08-28,C_19384,19104,39.95852,-75.198857,2
2018-04-27,C_19406,19104,39.95852,-75.198857,1
2018-04-11,C_19442,07087,40.767383,-74.032328,2
2016-04-21,C_19465,06479,41.57477,-72.9119,6
2015-12-20,C_19473,02129,42.379657,-71.061487,5
2015-02-25,C_19487,02129,42.379657,-71.061487,5
2017-05-28,C_19524,07087,40.767383,-74.032328,2
2015-03-15,C_19556,07608,40.852997,-74.060355,5
2017-05-18,C_19596,06479,41.57477,-72.9119,2
2016-06-23,C_19634,07093,40.788079,-74.011357,5
2015-05-22,C_19646,07608,40.852997,-74.060355,1
2017-08-10,C_19651,11103,40.762574,-73.913447,4
2017-07-01,C_19686,07608,40.852997,-74.060355,3
2017-06-05,C_19708,06001,41.787159,-72.852046,3
2016-09-01,C_19749,02126,42.274227,-71.097423,6
2018-04-20,C_19786,06467,41.567845,-72.899757,5
2015-04-29,C_19794,11214,40.599148,-73.99609,5
2018-11-02,C_19802,19106,39.948629,-75.142789,5
2017-12-15,C_19828,19106,39.948629,-75.142789,2
2017-05-20,C_19836,19103,39.952896,-75.174298,1
2017-01-31,C_19838,07608,40.852997,-74.060355,5
2018-09-11,C_19864,19103,39.952896,-75.174298,2
2018-02-05,C_19869,07608,40.852997,-74.060355,5
2015-08-03,C_19915,07620,40.968725,-73.916999,2
2017-08-07,C_19949,11104,40.744634,-73.920201,4
2017-09-17,C_19956,06002,41.84493,-72.740951,2
2015-05-25,C_19995,19102,39.952783,-75.165586,1
2015-09-19,C_20029,07620,40.968725,-73.916999,1
2016-03-30,C_20052,07087,40.767383,-74.032328,3
2017-07-17,C_20083,02129,42.379657,-71.061487,6
2017-12-16,C_20100,11104,40.744634,-73.920201,1
2017-10-29,C_20117,06467,41.567845,-72.899757,2
2017-02-17,C_20155,19106,39.948629,-75.142789,5
2016-05-15,C_20168,06001,41.787159,-72.852046,6
2015-05-21,C_20171,19103,39.952896,-75.174298,4
2015-08-12,C_20181,07608,40.852997,-74.060355,5
2017-12-25,C_20206,02129,42.379657,-71.061487,5
2017-01-14,C_20249,06001,41.787159,-72.852046,2
2018-08-03,C_20283,06467,41.567845,-72.899757,2
2017-01-29,C_20291,07087,40.767383,-74.032328,4
2017-11-18,C_20333,06479,41.57477,-72.9119,5
2018-04-08,C_20369,07620,40.968725,-73.916999,3
2018-12-08,C_20373,02128,42.361129,-71.006975,4
2017-08-04,C_20400,07087,40.767383,-74.032328,5
2016-05-04,C_20421,02126,42.274227,-71.097423,3
2016-07-02,C_20462,06002,41.84493,-72.740951,2
2015-02-13,C_20472,07608,40.852997,-74.060355,1
2016-07-08,C_20510,07087,40.767383,-74.032328,3
2017-12-03,C_20539,07093,40.788079,-74.011357,3
2018-01-19,C_20566,19102,39.952783,-75.165586,4
2016-05-16,C_20577,06001,41.787159,-72.852046,3
2018-03-29,C_20595,06467,41.567845,-72.899757,3
2018-04-17,C_20645,07087,40.767383,-74.032328,5
2017-12-06,C_20666,11213,40.671078,-73.936336,5
2015-03-10,C_20702,06002,41.84493,-72.740951,1
2017-10-26,C_20729,19103,39.952896,-75.174298,4
2016-06-20,C_20750,07608,40.852997,-74.060355,6
2017-10-01,C_20799,11103,40.762574,-73.913447,3
2016-06-28,C_20815,02127,42.334992,-71.039093,5
2016-02-26,C_20832,11213,40.671078,-73.936336,5
2016-08-07,C_20877,19106,39.948629,-75.142789,5
2017-04-26,C_20887,11104,40.744634,-73.920201,3
2018-06-27,C_20920,07093,40.788079,-74.011357,3
2018-08-23,C_20946,02127,42.334992,-71.039093,6
2015-10-29,C_20993,06001,41.787159,-72.852046,2
2016-02-10,C_21011,06467,41.567845,-72.899757,6
2015-05-03,C_21059,06002,41.84493,-72.740951,1
2015-10-08,C_21065,06001,41.787159,-72.852046,5
2016-08-25,C_21090,19102,39.952783,-75.165586,4
2017-10-30,C_21119,19104,39.95852,-75.198857,5
2017-08-21,C_21161,06467,41.567845,-72.899757,3
2017-06-15,C_21203,02126,42.274227,-71.097423,6
2018-11-26,C_21238,06001,41.787159,-72.852046,3
2016-04-12,C_21285,11213,40.671078,-73.936336,6
2015-04-22,C_21287,19102,39.952783,-75.165586,3
2017-05-24,C_21303,11214,40.599148,-73.99609,5
2015-10-14,C_21337,07087,40.767383,-74.032328,6
2018-05-23,C_21371,06002,41.84493,-72.740951,6
2015-04-01,C_21397,19103,39.952896,-75.174298,5
2015-01-11,C_21403,07620,40.968725,-73.916999,6
2015-12-07,C_21434,19106,39.948629,-75.142789,5
2015-08-21,C_21457,06467,41.567845,-72.899757,4
2018-10-12,C_21490,19106,39.948629,-75.142789,6
2016-10-18,C_21500,06479,41.57477,-72.9119,4
2018-05-10,C_21535,19102,39.952783,-75.165586,2
2016-08-15,C_21582,06002,41.84493,-72.740951,6
2018-12-21,C_21588,19103,39.952896,-75.174298,2
2017-10-16,C_21597,07087,40.767383,-74.032328,2
2017-07-22,C_21641,07087,40.767383,-74.032328,2
2017-04-07,C_21647,02127,42.334992,-71.039093,3
2018-06-02,C_21665,19104,39.95852,-75.198857,5
2018-05-09,C_21709,06479,41.57477,-72.9119,2
2017-02-22,C_21724,06467,41.567845,-72.899757,3
2016-03-08,C_21743,06001,41.787159,-72.852046,1
2015-01-06,C_21772,07608,40.852997,-74.060355,4
2016-11-24,C_21787,02128,42.361129,-71.006975,6
2016-03-24,C_21800,06479,41.57477,-72.9119,3
2016-09-06,C_21819,02128,42.361129,-71.006975,2
2015-04-26,C_21824,11104,40.744634,-73.920201,2
2016-08-06,C_21826,11213,40.671078,-73.936336,1
2015-11-17,C_21850,07087,40.767383,-74.032328,4
2017-01-02,C_21876,07087,40.767383,-74.032328,6
2016-08-26,C_21917,06002,41.84493,-72.740951,2
2018-08-04,C_21948,02126,42.274227,-71.097423,6
2015-09-30,C_21994,19102,39.952783,-75.165586,3
2017-05-15,C_22043,11214,40.599148,-73.99609,1
2015-02-02,C_22068,02126,42.274227,-71.097423,4
2018-01-26,C_22073,19104,39.95852,-75.198857,4
2016-11-27,C_22104,19106,39.948629,-75.142789,2
2017-11-29,C_22145,02127,42.334992,-71.039093,4
2015-06-10,C_22192,02127,42.334992,-71.039093,3
2016-09-12,C_22210,19102,39.952783,-75.165586,2
2016-10-25,C_22248,11104,40.744634,-73.920201,5
2015-04-13,C_22277,07087,40.767383,-74.032328,3
2016-11-02,C_22284,07620,40.968725,-73.916999,3
2018-07-19,C_22285,07608,40.852997,-74.060355,3
2018-09-22,C_22324,06467,41.567845,-72.899757,4
2018-07-10,C_22356,11103,40.762574,-73.913447,3
2015-02-05,C_22395,02126,42.274227,-71.097423,5
2016-08-24,C_22441,06001,41.787159,-72.852046,1
2017-02-24,C_22465,19106,39.948629,-75.142789,2
2015-07-15,C_22483,06002,41.84493,-72.740951,3
2018-08-29,C_22527,06467,41.567845,-72.899757,6
2017-04-01,C_22535,11103,40.762574,-73.913447,1
2018-08-15,C_22576,06467,41.567845,-72.899757,4
2016-07-22,C_22596,07087,40.767383,-74.032328,4
2018-06-11,C_22613,02126,42.274227,-71.097423,5
2018-05-04,C_22636,02128,42.361129,-71.006975,1
2017-03-25,C_22685,07093,40.788079,-74.011357,4
2016-06-25,C_22696,02128,42.361129,-71.006975,5
2016-10-21,C_22724,02126,42.274227,-71.097423,1
2017-11-05,C_22760,19104,39.95852,-75.198857,5
2018-04-01,C_22771,19102,39.952783,-75.165586,6
2018-09-06,C_22799,11213,40.671078,-73.936336,1
2016-08-19,C_22844,06002,41.84493,-72.740951,4
2015-03-22,C_22861,06479,41.57477,-72.9119,4
2016-02-20,C_22884,11213,40.671078,-73.936336,5
2016-01-20,C_22907,11213,40.671078,-73.936336,4
2018-11-23,C_22929,19103,39.952896,-75.174298,6
2015-02-24,C_22950,11214,40.599148,-73.99609,6
2015-11-20,C_22989,02127,42.334992,-71.039093,4
2018-07-21,C_22990,06001,41.787159,-72.852046,5
2017-12-22,C_22991,07620,40.968725,-73.916999,4
2018-09-04,C_23033,06467,41.567845,-72.899757,5
2015-12-01,C_23080,19103,39.952896,-75.174298,3
2016-02-24,C_23110,19106,39.948629,-75.142789,5
2016-07-17,C_23152,02126,42.274227,-71.097423,3
2018-04-06,C_23189,07620,40.968725,-73.916999,1
2017-01-20,C_23202,19104,39.95852,-75.198857,1
2016-10-15,C_23205,07093,40.788079,-74.011357,3
2018-02-24,C_23253,07087,40.767383,-74.032328,2
2015-01-01,C_23300,07087,40.767383,-74.032328,2
2016-01-10,C_23350,02128,42.361129,-71.006975,4
2018-02-13,C_23379,07620,40.968725,-73.916999,5
2016-03-03,C_23416,02129,42.379657,-71.061487,4
2018-07-22,C_23447,07093,40.788079,-74.011357,3
2017-03-18,C_23478,19106,39.948629,-75.142789,5
2018-12-27,C_23483,11213,40.671078,-73.936336,3
2016-06-14,C_23486,07093,40.788079,-74.011357,4
2018-09-29,C_23517,07608,40.852997,-74.060355,4
2018-01-07,C_23545,06002,41.84493,-72.740951,6
2015-09-16,C_23578,07608,40.852997,-74.060355,1
2016-08-21,C_23589,11103,40.762574,-73.913447,5
2018-03-07,C_23620,07087,40.767383,-74.032328,2
2016-12-05,C_23636,02129,42.379657,-71.061487,5
2016-01-27,C_23664,19102,39.952783,-75.165586,2
2016-08-16,C_23683,02126,42.274227,-71.097423,3
2018-03-02,C_23702,11213,40.671078,-73.936336,2
2018-09-10,C_23749,07087,40.767383,-74.032328,3
2015-01-31,C_23794,07620,40.968725,-73.916999,5
2016-01-08,C_23825,02129,42.379657,-71.061487,4
2016-03-05,C_23836,19106,39.948629,-75.142789,4
2015-03-16,C_23849,19102,39.952783,-75.165586,2
2016-07-05,C_23884,11103,40.762574,-73.913447,2
2015-12-25,C_23913,07093,40.788079,-74.011357,2
2018-07-03,C_23947,19104,39.95852,-75.198857,2
2017-09-09,C_23993,07608,40.852997,-74.060355,6
2016-08-12,C_24019,02129,42.379657,-71.061487,3
2017-06-30,C_24033,07087,40.767383,-74.032328,3
2018-06-07,C_24055,06002,41.84493,-72.740951,3
2015-06-05,C_24074,06002,41.84493,-72.740951,2
2016-05-19,C_24089,02126,42.274227,-71.097423,5
2018-04-03,C_24100,02126,42.274227,-71.097423,5
2016-02-27,C_24122,06479,41.57477,-72.9119,6
2015-07-01,C_24146,11214,40.599148,-73.99609,3
2015-01-02,C_24156,02126,42.274227,-71.097423,5
2015-06-16,C_24159,19103,39.952896,-75.174298,2
2018-10-31,C_24182,11104,40.744634,-73.920201,4
2016-06-04,C_24191,11104,40.744634,-73.920201,5
2016-09-13,C_24199,02129,42.379657,-71.061487,3
2017-07-26,C_24204,19106,39.948629,-75.142789,3
2017-07-20,C_24211,19104,39.95852,-75.198857,3
2015-11-12,C_24235,07093,40.788079,-74.011357,3
2018-03-21,C_24259,07087,40.767383,-74.032328,6
2018-06-30,C_24297,02127,42.334992,-71.039093,4
2016-01-25,C_24319,06467,41.567845,-72.899757,2
2018-03-01,C_24324,11104,40.744634,-73.920201,2
2015-09-05,C_24325,07093,40.788079,-74.011357,4
2018-11-04,C_24354,06001,41.787159,-72.852046,5
2016-10-23,C_24396,07608,40.852997,-74.060355,4
2015-02-18,C_24420,11104,40.744634,-73.920201,2
2015-10-17,C_24423,06479,41.57477,-72.9119,1
2017-12-02,C_24426,07093,40.788079,-74.011357,4
2015-12-29,C_24449,11214,40.599148,-73.99609,1
2015-11-30,C_24485,19106,39.948629,-75.142789,5
2017-07-27,C_24532,11104,40.744634,-73.920201,2
2016-12-16,C_24551,07608,40.852997,-74.060355,1
2016-03-14,C_24571,02126,42.274227,-71.097423,5
2018-11-21,C_24615,07620,40.968725,-73.916999,3
2015-08-11,C_24631,07087,40.767383,-74.032328,2
2018-04-22,C_24653,07620,40.968725,-73.916999,4
2016-04-02,C_24660,19102,39.952783,-75.165586,1
2017-01-15,C_24689,02126,42.274227,-71.097423,4
2018-01-28,C_24719,19106,39.948629,-75.142789,2
2018-02-10,C_24725,02127,42.334992,-71.039093,3
2017-04-09,C_24736,06479,41.57477,-72.9119,4
2018-02-14,C_24746,06001,41.787159,-72.852046,5
2018-11-16,C_24796,07620,40.968725,-73.916999,5
2018-05-22,C_24837,19102,39.952783,-75.165586,2
2017-11-10,C_24838,11104,40.744634,-73.920201,2
2016-05-06,C_24849,19103,39.952896,-75.174298,1
2015-03-12,C_24895,02127,42.334992,-71.039093,2
2015-12-17,C_24921,06001,41.787159,-72.852046,3
2016-09-25,C_24962,07087,40.767383,-74.032328,3
2016-09-16,C_24971,06002,41.84493,-72.740951,4
2017-02-21,C_25013,19106,39.948629,-75.142789,5
2017-01-01,C_25026,06002,41.84493,-72.740951,2
2016-01-01,C_25030,07087,40.767383,-74.032328,2
2015-10-27,C_25046,11213,40.671078,-73.936336,3
2016-04-14,C_25063,02126,42.274227,-71.097423,2
2017-12-18,C_25108,11104,40.744634,-73.920201,4
2016-04-08,C_25140,19103,39.952896,-75.174298,2
2018-05-29,C_25190,11104,40.744634,-73.920201,4
2017-03-10,C_25227,19106,39.948629,-75.142789,3
2017-08-15,C_25258,07620,40.968725,-73.916999,1
2017-02-06,C_25291,06467,41.567845,-72.899757,3
2017-07-19,C_25295,02126,42.274227,-71.097423,2
2016-12-11,C_25308,11213,40.671078,-73.936336,3
2018-06-05,C_25313,11103,40.762574,-73.913447,3
2018-10-02,C_25357,06479,41.57477,-72.9119,3
2018-12-15,C_25373,07093,40.788079,-74.011357,2
2015-12-19,C_25391,19104,39.95852,-75.198857,4
2018-11-07,C_25406,02128,42.361129,-71.006975,4
2015-03-25,C_25419,07620,40.968725,-73.916999,5
2017-01-15,C_25443,11104,40.744634,-73.920201,3
2017-03-22,C_25445,07608,40.852997,-74.060355,2
2018-03-15,C_25475,02126,42.274227,-71.097423,5
2015-12-31,C_25515,11213,40.671078,-73.936336,4
2016-05-19,C_25520,06467,41.567845,-72.899757,4
2015-12-03,C_25532,19102,39.952783,-75.165586,4
2018-03-21,C_25546,19102,39.952783,-75.165586,5
2018-05-29,C_25591,19103,39.952896,-75.174298,4
2015-08-30,C_25629,11214,40.599148,-73.99609,2
2016-03-05,C_25643,07087,40.767383,-74.032328,2
2017-06-24,C_25686,19104,39.95852,-75.198857,5
2015-09-11,C_25687,07620,40.968725,-73.916999,4
2018-04-27,C_25704,06479,41.57477,-72.9119,5
2018-04-14,C_25709,07093,40.788079,-74.011357,5
2018-05-04,C_25750,06467,41.567845,-72.899757,2
2015-11-07,C_25792,11213,40.671078,-73.936336,5
2016-09-23,C_25831,07620,40.968725,-73.916999,1
2015-06-05,C_25869,19103,39.952896,-75.174298,4
2017-03-06,C_25895,06467,41.567845,-72.899757,6
2015-11-14,C_25921,19106,39.948629,-75.142789,3
2016-05-09,C_25969,11103,40.762574,-73.913447,1
2016-01-17,C_26000,19104,39.95852,-75.198857,6
2017-10-25,C_26027,07608,40.852997,-74.060355,5
2018-01-10,C_26065,11213,40.671078,-73.936336,3
2018-04-05,C_26099,07608,40.852997,-74.060355,3
2018-09-14,C_26127,02127,42.334992,-71.039093,4
2016-01-07,C_26156,06002,41.84493,-72.740951,1
2016-07-28,C_26182,11103,40.762574,-73.913447,5
2017-04-16,C_26228,06001,41.787159,-72.852046,3
2015-09-12,C_26250,11213,40.671078,-73.936336,3
2015-09-28,C_26277,19104,39.95852,-75.198857,4
2018-05-16,C_26292,02128,42.361129,-71.006975,5
2017-03-31,C_26333,07093,40.788079,-74.011357,5
2015-08-02,C_26364,19106,39.948629,-75.142789,5
2018-01-26,C_26365,02126,42.274227,-71.097423,6
2015-10-24,C_26410,07608,40.852997,-74.060355,3
2015-07-04,C_26447,11104,40.744634,-73.920201,2
2016-04-24,C_26488,06479,41.57477,-72.9119,6
2017-01-18,C_26511,11214,40.599148,-73.99609,3
2016-12-07,C_26550,19104,39.95852,-75.198857,6
2015-10-01,C_26592,02129,42.379657,-71.061487,6
2015-02-05,C_26634,02128,42.361129,-71.006975,4
2018-01-22,C_26640,02129,42.379657,-71.061487,4
2016-12-24,C_26657,02126,42.274227,-71.097423,4
2016-10-17,C_26672,07608,40.852997,-74.060355,4
2018-10-28,C_26706,02128,42.361129,-71.006975,3
2018-06-14,C_26725,06479,41.57477,-72.9119,3
2018-01-01,C_26770,19106,39.948629,-75.142789,5
2018-09-26,C_26797,19103,39.952896,-75.174298,4
2015-04-30,C_26828,19104,39.95852,-75.198857,5
2018-11-02,C_26866,07620,40.968725,-73.916999,6
2016-05-25,C_26899,11214,40.599148,-73.99609,2
2016-05-21,C_26911,07093,40.788079,-74.011357,3
2015-11-02,C_26934,07093,40.788079,-74.011357,5
2015-02-16,C_26954,19103,39.952896,-75.174298,3
2018-03-02,C_26989,07087,40.767383,-74.032328,1
2017-04-29,C_27019,07087,40.767383,-74.032328,5
2017-04-10,C_27023,11214,40.599148,-73.99609,2
2017-09-01,C_27059,07608,40.852997,-74.060355,5
2017-06-09,C_27069,07093,40.788079,-74.011357,4
2018-06-23,C_27114,06001,41.787159,-72.852046,3
2016-04-18,C_27115,19104,39.95852,-75.198857,5
2016-04-23,C_27153,02128,42.361129,-71.006975,3
2017-07-19,C_27174,02129,42.379657,-71.061487,5
2018-01-28,C_27196,07093,40.788079,-74.011357,4
2016-08-26,C_27202,02128,42.361129,-71.006975,4
2017-11-29,C_27223,19104,39.95852,-75.198857,2
2016-10-04,C_27249,19106,39.948629,-75.142789,1
2018-03-07,C_27259,19106,39.948629,-75.142789,1
2015-10-17,C_27290,07087,40.767383,-74.032328,6
2016-12-10,C_27330,02126,42.274227,-71.097423,5
2017-10-16,C_27364,02126,42.274227,-71.097423,5
2016-08-25,C_27413,07087,40.767383,-74.032328,4
2017-05-20,C_27437,07608,40.852997,-74.060355,3
2017-07-16,C_27472,19102,39.952783,-75.165586,1
2018-09-08,C_27498,11104,40.744634,-73.920201,3
2016-11-03,C_27540,11214,40.599148,-73.99609,4
2015-05-02,C_27560,02128,42.361129,-71.006975,3
2017-09-15,C_27577,07620,40.968725,-73.916999,6
2017-12-25,C_27611,11104,40.744634,-73.920201,5
2016-02-29,C_27615,02128,42.361129,-71.006975,6
2017-05-26,C_27623,19104,39.95852,-75.198857,5
2018-01-25,C_27654,19104,39.95852,-75.198857,5
2016-05-13,C_27703,19103,39.952896,-75.174298,6
2016-02-07,C_27744,07608,40.852997,-74.060355,4
2018-05-19,C_27770,06002,41.84493,-72.740951,2
2016-04-11,C_27803,02126,42.274227,-71.097423,5
2018-04-03,C_27842,11214,40.599148,-73.99609,5
2018-02-13,C_27868,19103,39.952896,-75.174298,3
2017-07-17,C_27875,07608,40.852997,-74.060355,4
2018-01-03,C_27904,11104,40.744634,-73.920201,4
2018-08-23,C_27924,11214,40.599148,-73.99609,3
2015-12-07,C_27944,19104,39.95852,-75.198857,3
2016-08-12,C_27974,07093,40.788079,-74.011357,4
2016-10-01,C_27987,19104,39.95852,-75.198857,3
2016-11-08,C_28033,02129,42.379657,-71.061487,2
2017-11-20,C_28047,19103,39.952896,-75.174298,6
2017-10-07,C_28063,11103,40.762574,-73.913447,4
2017-09-08,C_28101,02128,42.361129,-71.006975,5
2016-02-27,C_28142,11104,40.744634,-73.920201,3
2015-02-10,C_28171,06467,41.567845,-72.899757,2
2017-07-22,C_28179,07093,40.788079,-74.011357,6
2016-06-09,C_28211,06001,41.787159,-72.852046,4
2017-10-01,C_28251,07093,40.788079,-74.011357,4
2015-12-16,C_28274,06467,41.567845,-72.899757,4
2018-12-02,C_28275,19102,39.952783,-75.165586,4
2015-11-04,C_28307,06002,41.84493,-72.740951,6
2017-04-19,C_28318,11103,40.762574,-73.913447,3
2016-01-01,C_28344,07087,40.767383,-74.032328,6
2017-03-28,C_28361,02128,42.361129,-71.006975,2
2018-10-02,C_28371,11103,40.762574,-73.913447,2
2017-11-27,C_28421,02126,42.274227,-71.097423,2
2015-03-13,C_28425,06479,41.57477,-72.9119,2
2018-10-16,C_28440,02127,42.334992,-71.039093,6
2017-01-23,C_28480,06002,41.84493,-72.740951,2
2016-10-24,C_28514,11104,40.744634,-73.920201,2
2015-10-16,C_28545,19106,39.948629,-75.142789,1
2016-04-17,C_28575,02129,42.379657,-71.061487,1
2018-10-05,C_28581,07087,40.767383,-74.032328,5
2016-01-27,C_28582,07608,40.852997,-74.060355,3
2015-08-06,C_28632,06467,41.567845,-72.899757,1
2015-06-21,C_28640,19102,39.952783,-75.165586,6
2015-07-17,C_28647,07620,40.968725,-73.916999,6
2018-12-07,C_28679,07093,40.788079,-74.011357,6
2016-03-03,C_28687,19104,39.95852,-75.198857,2
2015-03-29,C_28736,02126,42.274227,-71.097423,6
2017-01-17,C_28740,02128,42.361129,-71.006975,5
2015-08-09,C_28774,19102,39.952783,-75.165586,3
2018-02-14,C_28797,19102,39.952783,-75.165586,3
2016-02-21,C_28820,07093,40.788079,-74.011357,5
2016-02-21,C_28847,06479,41.57477,-72.9119,5
2017-01-23,C_28851,06467,41.567845,-72.899757,5
2018-09-16,C_28895,07087,40.767383,-74.032328,4
2017-01-01,C_28913,11103,40.762574,-73.913447,3
2017-11-27,C_28951,19103,39.952896,-75.174298,4
2016-04-01,C_28961,02128,42.361129,-71.006975,5
2017-05-02,C_28995,02127,42.334992,-71.039093,1
2015-08-21,C_28999,06467,41.567845,-72.899757,3
2018-11-18,C_29010,19102,39.952783,-75.165586,2
2015-07-07,C_29022,11103,40.762574,-73.913447,5
2017-01-08,C_29061,11213,40.671078,-73.936336,4
2017-05-04,C_29084,02129,42.379657,-71.061487,4
2016-01-29,C_29100,02129,42.379657,-71.061487,3
2016-10-17,C_29138,19104,39.95852,-75.198857,4
2015-10-05,C_29187,06467,41.567845,-72.899757,2
2017-04-16,C_29209,19104,39.95852,-75.198857,4
2015-10-29,C_29232,19104,39.95852,-75.198857,4
2015-03-31,C_29280,07608,40.852997,-74.060355,5
2018-08-17,C_29325,02128,42.361129,-71.006975,5
2016-01-20,C_29353,11104,40.744634,-73.920201,5
2017-04-25,C_29375,06479,41.57477,-72.9119,3
2015-10-05,C_29385,07620,40.968725,-73.916999,4
2015-10-11,C_29435,07087,40.767383,-74.032328,2
2018-03-24,C_29465,11104,40.744634,-73.920201,3
2016-10-05,C_29485,07093,40.788079,-74.011357,4
2017-03-25,C_29516,02128,42.361129,-71.006975,4
2016-08-22,C_29526,02128,42.361129,-71.006975,3
2017-09-14,C_29571,06002,41.84493,-72.740951,2
2015-09-24,C_29582,19106,39.948629,-75.142789,1
2018-12-14,C_29625,06001,41.787159,-72.852046,2
2017-09-21,C_29639,19103,39.952896,-75.174298,4
2018-05-04,C_29656,11214,40.599148,-73.99609,4
2018-03-18,C_29686,07608,40.852997,-74.060355,2
2018-04-05,C_29713,19106,39.948629,-75.142789,3
2018-08-03,C_29761,06002,41.84493,-72.740951,5
2017-04-06,C_29787,02126,42.274227,-71.097423,4
2017-08-24,C_29799,02129,42.379657,-71.061487,5
2015-12-09,C_29838,06002,41.84493,-72.740951,3
2015-03-12,C_29839,19103,39.952896,-75.174298,1
2016-11-28,C_29866,06479,41.57477,-72.9119,2
2016-07-31,C_29883,06467,41.567845,-72.899757,1
2018-02-07,C_29919,19103,39.952896,-75.174298,1
2017-01-29,C_29950,06479,41.57477,-72.9119,2
2017-12-24,C_29968,07093,40.788079,-74.011357,5
2018-08-03,C_29984,07620,40.968725,-73.916999,3
2017-06-28,C_30011,19102,39.952783,-75.165586,2
2018-07-09,C_30026,19103,39.952896,-75.174298,1
2017-05-02,C_30065,19103,39.952896,-75.174298,6
2016-12-26,C_30081,19102,39.952783,-75.165586,6
2015-04-13,C_30082,19102,39.952783,-75.165586,3
2017-11-27,C_30126,06467,41.567845,-72.899757,2
2016-09-07,C_30173,07087,40.767383,-74.032328,5
2016-07-18,C_30223,11103,40.762574,-73.913447,6
2018-03-11,C_30224,02127,42.334992,-71.039093,3
2016-02-15,C_30225,07093,40.788079,-74.011357,5
2015-08-28,C_30258,07093,40.788079,-74.011357,1
2015-07-01,C_30295,11213,40.671078,-73.936336,4
2018-01-28,C_30322,06467,41.567845,-72.899757,4
2017-01-14,C_30333,19102,39.952783,-75.165586,3
2016-08-02,C_30344,19106,39.948629,-75.142789,4
2017-01-15,C_30392,06002,41.84493,-72.740951,3
2015-11-14,C_30394,19102,39.952783,-75.165586,5
2018-09-06,C_30411,11104,40.744634,-73.920201,5
2015-09-03,C_30420,02128,42.361129,-71.006975,6
2017-07-26,C_30429,19104,39.95852,-75.198857,3
2016-04-18,C_30459,11214,40.599148,-73.99609,6
2016-02-29,C_30506,07620,40.968725,-73.916999,4
2017-09-03,C_30531,02127,42.334992,-71.039093,2
2016-02-21,C_30532,06467,41.567845,-72.899757,3
2015-12-25,C_30580,06479,41.57477,-72.9119,4
2015-12-09,C_30602,11104,40.744634,-73.920201,6
2018-02-27,C_30640,19102,39.952783,-75.165586,4
2018-03-07,C_30661,11214,40.599148,-73.99609,2
2015-05-05,C_30681,02129,42.379657,-71.061487,4
2018-09-14,C_30686,07620,40.968725,-73.916999,6
2016-12-16,C_30702,06479,41.57477,-72.9119,3
2018-06-02,C_30703,11213,40.671078,-73.936336,2
2016-02-29,C_30751,06479,41.57477,-72.9119,3
2016-10-28,C_30755,02127,42.334992,-71.039093,5
2018-07-02,C_30805,06479,41.57477,-72.9119,2
2017-04-03,C_30847,02129,42.379657,-71.061487,5
2018-11-19,C_30875,07087,40.767383,-74.032328,6
2016-01-16,C_30879,11103,40.762574,-73.913447,5
2016-11-19,C_30918,02128,42.361129,-71.006975,6
2017-10-17,C_30950,19102,39.952783,-75.165586,3
2017-07-26,C_30982,11213,40.671078,-73.936336,6
2018-10-09,C_31001,06001,41.787159,-72.852046,2
2015-09-22,C_31024,07608,40.852997,-74.060355,6
2015-10-24,C_31073,11213,40.671078,-73.936336,4
2015-09-21,C_31120,02127,42.334992,-71.039093,2
2015-05-19,C_31140,07087,40.767383,-74.032328,5
2015-03-01,C_31185,02128,42.361129,-71.006975,6
2018-04-11,C_31216,02128,42.361129,-71.006975,4
2015-02-16,C_31261,06001,41.787159,-72.852046,2
2018-04-01,C_31286,02129,42.379657,-71.061487,2
2016-01-03,C_31291,11103,40.762574,-73.913447,5
2016-12-21,C_31340,06467,41.567845,-72.899757,3
2016-04-07,C_31375,11213,40.671078,-73.936336,3
2016-08-28,C_31385,02126,42.274227,-71.097423,3
2015-07-08,C_31389,11103,40.762574,-73.913447,3
2018-11-03,C_31407,06002,41.84493,-72.740951,3
2016-11-02,C_31414,02128,42.361129,-71.006975,6
2016-10-11,C_31435,19104,39.95852,-75.198857,4
2017-12-29,C_31456,06002,41.84493,-72.740951,3
2016-09-07,C_31468,06002,41.84493,-72.740951,3
2015-12-29,C_31494,19104,39.95852,-75.198857,5
2017-04-10,C_31528,06467,41.567845,-72.899757,1
2015-12-01,C_31563,07620,40.968725,-73.916999,1
2016-11-27,C_31603,06002,41.84493,-72.740951,3
2018-12-27,C_31619,11103,40.762574,-73.913447,5
2016-06-17,C_31636,07608,40.852997,-74.060355,6
2015-08-17,C_31657,02129,42.379657,-71.061487,1
2016-10-12,C_31686,02128,42.361129,-71.006975,4
2018-11-19,C_31696,11103,40.762574,-73.913447,3
2015-06-13,C_31730,11103,40.762574,-73.913447,4
2017-09-17,C_31767,06479,41.57477,-72.9119,4
2018-11-18,C_31790,06479,41.57477,-72.9119,5
2017-09-30,C_31813,06001,41.787159,-72.852046,2
2017-07-11,C_31823,02127,42.334992,-71.039093,1
2016-12-17,C_31864,19104,39.95852,-75.198857,2
2018-03-01,C_31892,07620,40.968725,-73.916999,5
2018-06-10,C_31933,06467,41.567845,-72.899757,4
2015-05-19,C_31952,19104,39.95852,-75.198857,1
2015-11-30,C_31966,06002,41.84493,-72.740951,2
2017-05-02,C_31994,07087,40.767383,-74.032328,2
2018-01-13,C_32022,11104,40.744634,-73.920201,1
2015-04-23,C_32031,07087,40.767383,-74.032328,4
2017-08-10,C_32080,11214,40.599148,-73.99609,1
2015-08-05,C_32126,06001,41.787159,-72.852046,1
2015-10-23,C_32154,07087,40.767383,-74.032328,4
2015-06-09,C_32166,06001,41.787159,-72.852046,3
2018-08-07,C_32181,11214,40.599148,-73.99609,4
2017-02-22,C_32184,19104,39.95852,-75.198857,5
2016-05-07,C_32212,19104,39.95852,-75.198857,4
2017-06-25,C_32220,11213,40.671078,-73.936336,6
2018-08-28,C_32247,07087,40.767383,-74.032328,4
2017-08-18,C_32267,11214,40.599148,-73.99609,4
2017-08-29,C_32280,11213,40.671078,-73.936336,3
2017-05-31,C_32310,19106,39.948629,-75.142789,5
2018-08-26,C_32358,07093,40.788079,-74.011357,2
2017-09-09,C_32379,19106,39.948629,-75.142789,2
2017-08-17,C_32417,11103,40.762574,-73.913447,5
2015-08-22,C_32429,19104,39.95852,-75.198857,1
2019-01-01,C_32436,06479,41.57477,-72.9119,5
2015-05-14,C_32467,11104,40.744634,-73.920201,5
2017-08-17,C_32498,19106,39.948629,-75.142789,1
2016-02-14,C_32533,19103,39.952896,-75.174298,6
2018-01-04,C_32579,02127,42.334992,-71.039093,2
2016-12-08,C_32597,11214,40.599148,-73.99609,2
2017-10-22,C_32640,07620,40.968725,-73.916999,2
2017-04-15,C_32658,02127,42.334992,-71.039093,1
2015-08-21,C_32665,19106,39.948629,-75.142789,1
2015-03-19,C_32695,06001,41.787159,-72.852046,3
2015-07-29,C_32719,11214,40.599148,-73.99609,5
2016-06-10,C_32742,11103,40.762574,-73.913447,2
2016-05-22,C_32792,02127,42.334992,-71.039093,2
2015-12-26,C_32805,11213,40.671078,-73.936336,6
2017-08-12,C_32847,02128,42.361129,-71.006975,4
2018-04-17,C_32866,06001,41.787159,-72.852046,2
2017-05-17,C_32889,07620,40.968725,-73.916999,2
2018-12-29,C_32919,02127,42.334992,-71.039093,4
2018-09-01,C_32930,11103,40.762574,-73.913447,2
2017-03-31,C_32943,07608,40.852997,-74.060355,4
2018-05-03,C_32973,06467,41.567845,-72.899757,5
2015-09-30,C_33014,06002,41.84493,-72.740951,6
2017-12-15,C_33044,11103,40.762574,-73.913447,6
2016-11-06,C_33073,02128,42.361129,-71.006975,3
2015-11-02,C_33108,11213,40.671078,-73.936336,3
2017-07-11,C_33113,11213,40.671078,-73.936336,5
2016-05-26,C_33152,02129,42.379657,-71.061487,5
2015-07-01,C_33171,07093,40.788079,-74.011357,5
2017-12-21,C_33180,02127,42.334992,-71.039093,3
2018-07-22,C_33195,02126,42.274227,-71.097423,3
2015-12-23,C_33205,06001,41.787159,-72.852046,1
2015-11-01,C_33206,06467,41.567845,-72.899757,3
2018-11-28,C_33217,07608,40.852997,-74.060355,3
2018-06-04,C_33267,19102,39.952783,-75.165586,2
2016-03-05,C_33295,07093,40.788079,-74.011357,5
2016-03-16,C_33317,02126,42.274227,-71.097423,2
2016-04-27,C_33367,02127,42.334992,-71.039093,3
2016-11-16,C_33392,06467,41.567845,-72.899757,2
2018-06-07,C_33402,06001,41.787159,-72.852046,4
2015-10-19,C_33421,19103,39.952896,-75.174298,1
2015-03-26,C_33439,19102,39.952783,-75.165586,4
2018-02-08,C_33478,11103,40.762574,-73.913447,1
2017-03-05,C_33492,19102,39.952783,-75.165586,5
2018-09-30,C_33533,06467,41.567845,-72.899757,4
2018-01-12,C_33571,11213,40.671078,-73.936336,2
2015-01-25,C_33602,06479,41.57477,-72.9119,2
2018-11-10,C_33634,11103,40.762574,-73.913447,5
2018-10-03,C_33671,11104,40.744634,-73.920201,5
2017-01-23,C_33718,02128,42.361129,-71.006975,3
2018-02-16,C_33768,07093,40.788079,-74.011357,3
2015-12-19,C_33774,07093,40.788079,-74.011357,3
2018-11-12,C_33812,06001,41.787159,-72.852046,2
2017-10-26,C_33833,19103,39.952896,-75.174298,2
2017-03-15,C_33836,06002,41.84493,-72.740951,5
2017-06-22,C_33844,06467,41.567845,-72.899757,5
2018-12-10,C_33884,07608,40.852997,-74.060355,3
2016-04-26,C_33905,06002,41.84493,-72.740951,1
2018-04-20,C_33954,19102,39.952783,-75.165586,5
2018-09-20,C_33964,11103,40.762574,-73.913447,5
2018-07-16,C_34004,02127,42.334992,-71.039093,5
2016-07-31,C_34007,02126,42.274227,-71.097423,5
2017-05-04,C_34036,02127,42.334992,-71.039093,1
2015-12-31,C_34079,19102,39.952783,-75.165586,4
2018-04-03,C_34116,19104,39.95852,-75.198857,6
2018-06-21,C_34150,06479,41.57477,-72.9119,1
2015-01-22,C_34199,19106,39.948629,-75.142789,4
2017-02-15,C_34221,19106,39.948629,-75.142789,3
2016-01-25,C_34269,02127,42.334992,-71.039093,6
2018-04-08,C_34308,11214,40.599148,-73.99609,4
2016-04-26,C_34321,02129,42.379657,-71.061487,4
2015-12-12,C_34334,02126,42.274227,-71.097423,4
2016-02-15,C_34338,07093,40.788079,-74.011357,1
2017-04-22,C_34341,07608,40.852997,-74.060355,2
2016-10-14,C_34354,02128,42.361129,-71.006975,3
2018-09-30,C_34367,19106,39.948629,-75.142789,2
2016-10-01,C_34388,19103,39.952896,-75.174298,3
2018-04-22,C_34389,11213,40.671078,-73.936336,4
2015-04-01,C_34432,06479,41.57477,-72.9119,5
2015-11-20,C_34449,07093,40.788079,-74.011357,1
2016-05-16,C_34495,07608,40.852997,-74.060355,4
2018-11-21,C_34536,02128,42.361129,-71.006975,4
2016-03-05,C_34542,11104,40.744634,-73.920201,6
2016-05-19,C_34564,06467,41.567845,-72.899757,3
2015-03-06,C_34608,02126,42.274227,-71.097423,1
2017-08-26,C_34632,06002,41.84493,-72.740951,3
2017-04-16,C_34682,19106,39.948629,-75.142789,2
2018-11-10,C_34691,11213,40.671078,-73.936336,2
2017-04-19,C_34727,07087,40.767383,-74.032328,6
2017-12-22,C_34730,07087,40.767383,-74.032328,4
2016-08-18,C_34765,06479,41.57477,-72.9119,3
2016-06-30,C_34804,06001,41.787159,-72.852046,4
2016-03-10,C_34835,07087,40.767383,-74.032328,3
2015-01-12,C_34836,02129,42.379657,-71.061487,6
2016-04-08,C_34843,11213,40.671078,-73.936336,1
2015-12-20,C_34886,06479,41.57477,-72.9119,2
2016-10-14,C_34927,11213,40.671078,-73.936336,4
2015-01-11,C_34928,07608,40.852997,-74.060355,5
2017-02-11,C_34930,02127,42.334992,-71.039093,4
2018-03-27,C_34931,02127,42.334992,-71.039093,2
2015-11-11,C_34969,07608,40.852997,-74.060355,6
2016-01-06,C_34983,11214,40.599148,-73.99609,2
2015-07-21,C_34988,06002,41.84493,-72.740951,3
2016-08-12,C_34998,02126,42.274227,-71.097423,5
2015-08-18,C_35015,19106,39.948629,-75.142789,4
2018-04-02,C_35017,11213,40.671078,-73.936336,4
2016-10-05,C_35040,07620,40.968725,-73.916999,2
2018-07-27,C_35090,11214,40.599148,-73.99609,2
2017-03-10,C_35108,19106,39.948629,-75.142789,4
2016-03-01,C_35110,06001,41.787159,-72.852046,3
2015-07-13,C_35114,07608,40.852997,-74.060355,4
2016-11-02,C_35116,07608,40.852997,-74.060355,6
2018-05-09,C_35145,11214,40.599148,-73.99609,3
2016-10-01,C_35182,02129,42.379657,-71.061487,2
2015-07-26,C_35224,02127,42.334992,-71.039093,3
2015-04-17,C_35235,06479,41.57477,-72.9119,1
2017-09-25,C_35263,02128,42.361129,-71.006975,2
2017-05-30,C_35312,02128,42.361129,-71.006975,1
2016-01-22,C_35328,06479,41.57477,-72.9119,2
2015-02-13,C_35330,11213,40.671078,-73.936336,4
2016-02-27,C_35353,19103,39.952896,-75.174298,1
2016-09-17,C_35385,11103,40.762574,-73.913447,3
2017-10-06,C_35425,07087,40.767383,-74.032328,6
2015-11-14,C_35453,02126,42.274227,-71.097423,2
2017-11-21,C_35468,07620,40.968725,-73.916999,2
2016-11-09,C_35497,11213,40.671078,-73.936336,4
2017-06-18,C_35531,19102,39.952783,-75.165586,2
2016-08-06,C_35533,11103,40.762574,-73.913447,4
2017-10-06,C_35538,06002,41.84493,-72.740951,6
2018-02-22,C_35553,06002,41.84493,-72.740951,6
2017-11-08,C_35588,06001,41.787159,-72.852046,2
2015-04-30,C_35620,19102,39.952783,-75.165586,5
2016-07-11,C_35632,07087,40.767383,-74.032328,3
2018-02-24,C_35638,06467,41.567845,-72.899757,1
2016-02-29,C_35665,19103,39.952896,-75.174298,2
2018-03-17,C_35691,19102,39.952783,-75.165586,1
2016-06-25,C_35713,02127,42.334992,-71.039093,4
2016-06-30,C_35742,11104,40.744634,-73.920201,2
2015-11-24,C_35780,02128,42.361129,-71.006975,3
2017-03-22,C_35823,07608,40.852997,-74.060355,3
2018-01-26,C_35847,07093,40.788079,-74.011357,1
2017-04-09,C_35889,06001,41.787159,-72.852046,2
2015-04-08,C_35924,02129,42.379657,-71.061487,4
2017-01-29,C_35962,02129,42.379657,-71.061487,6
2016-06-26,C_36000,11103,40.762574,-73.913447,2
2016-07-22,C_36009,02127,42.334992,-71.039093,4
2016-05-26,C_36034,06479,41.57477,-72.9119,4
2015-03-31,C_36064,06001,41.787159,-72.852046,6
2018-06-16,C_36087,11214,40.599148,-73.99609,4
2016-08-25,C_36100,02127,42.334992,-71.039093,4
2016-05-15,C_36141,02129,42.379657,-71.061487,3
2017-05-30,C_36156,06479,41.57477,-72.9119,2
2016-01-29,C_36169,07620,40.968725,-73.916999,1
2016-10-24,C_36187,06001,41.787159,-72.852046,2
2017-10-07,C_36212,06001,41.787159,-72.852046,5
2015-10-14,C_36238,11103,40.762574,-73.913447,3
2015-01-12,C_36263,02126,42.274227,-71.097423,3
2016-02-29,C_36291,11213,40.671078,-73.936336,4
2017-06-27,C_36330,06467,41.567845,-72.899757,4
2017-02-06,C_36377,11104,40.744634,-73.920201,4
2017-01-26,C_36387,02129,42.379657,-71.061487,4
2015-07-15,C_36411,02128,42.361129,-71.006975,3
2017-02-19,C_36424,07093,40.788079,-74.011357,3
2017-10-22,C_36435,07093,40.788079,-74.011357,2
2017-06-28,C_36466,02128,42.361129,-71.006975,5
2015-06-16,C_36491,02129,42.379657,-71.061487,1
2016-07-05,C_36503,02129,42.379657,-71.061487,4
2016-06-30,C_36544,07608,40.852997,-74.060355,2
2017-10-28,C_36583,02127,42.334992,-71.039093,3
2018-12-23,C_36595,06001,41.787159,-72.852046,1
2015-05-14,C_36609,06002,41.84493,-72.740951,5
2017-11-23,C_36634,07087,40.767383,-74.032328,4
2015-04-20,C_36674,07620,40.968725,-73.916999,3
2017-01-27,C_36680,19102,39.952783,-75.165586,4
2015-10-07,C_36706,19102,39.952783,-75.165586,6
2018-02-22,C_36744,07093,40.788079,-74.011357,2
2018-04-08,C_36786,11103,40.762574,-73.913447,4
2015-05-09,C_36825,11214,40.599148,-73.99609,4
2018-12-24,C_36826,02127,42.334992,-71.039093,4
2017-07-05,C_36840,06467,41.567845,-72.899757,4
2018-01-16,C_36890,11104,40.744634,-73.920201,4
2016-11-08,C_36904,06467,41.567845,-72.899757,4
2017-10-30,C_36949,11103,40.762574,-73.913447,4
2017-10-13,C_36971,19104,39.95852,-75.198857,5
2016-10-20,C_36997,07620,40.968725,-73.916999,3
2018-05-16,C_37036,07608,40.852997,-74.060355,4
2017-08-14,C_37048,11214,40.599148,-73.99609,4
2016-06-29,C_37071,06001,41.787159,-72.852046,4
2017-03-10,C_37078,11213,40.671078,-73.936336,3
2017-05-08,C_37117,19106,39.948629,-75.142789,4
2017-02-28,C_37158,02128,42.361129,-71.006975,4
2015-12-19,C_37170,19103,39.952896,-75.174298,1
2016-12-26,C_37218,11103,40.762574,-73.913447,5
2017-10-30,C_37263,02127,42.334992,-71.039093,1
2016-10-25,C_37311,11214,40.599148,-73.99609,4
2017-05-23,C_37323,11214,40.599148,-73.99609,5
2015-07-02,C_37357,02127,42.334992,-71.039093,4
2018-02-27,C_37383,02128,42.361129,-71.006975,3
2016-06-20,C_37400,19103,39.952896,-75.174298,4
2018-05-01,C_37418,19102,39.952783,-75.165586,1
2015-01-17,C_37458,11213,40.671078,-73.936336,4
2016-03-03,C_37498,02127,42.334992,-71.039093,2
2016-03-05,C_37510,07093,40.788079,-74.011357,4
2016-12-29,C_37524,11104,40.744634,-73.920201,2
2016-04-15,C_37562,07608,40.852997,-74.060355,3
2017-03-12,C_37591,11213,40.671078,-73.936336,4
2015-09-13,C_37620,11103,40.762574,-73.913447,5
2018-06-01,C_37654,07087,40.767383,-74.032328,5
2017-02-21,C_37665,19102,39.952783,-75.165586,4
2018-05-26,C_37688,07608,40.852997,-74.060355,2
2015-08-01,C_37706,19103,39.952896,-75.174298,3
2016-08-29,C_37737,19103,39.952896,-75.174298,5
2018-02-24,C_37779,11103,40.762574,-73.913447,4
2016-08-15,C_37816,19106,39.948629,-75.142789,5
2016-07-12,C_37863,07608,40.852997,-74.060355,2
2018-03-21,C_37897,11104,40.744634,-73.920201,3
2016-12-24,C_37929,02129,42.379657,-71.061487,2
2015-11-08,C_37971,07608,40.852997,-74.060355,1
2017-01-02,C_38004,11104,40.744634,-73.920201,4
2016-09-10,C_38051,19103,39.952896,-75.174298,5
2015-06-21,C_38067,06002,41.84493,-72.740951,5
2018-10-15,C_38103,06479,41.57477,-72.9119,4
2018-09-27,C_38123,07087,40.767383,-74.032328,4
2018-09-06,C_38128,02129,42.379657,-71.061487,1
2017-01-14,C_38143,19104,39.95852,-75.198857,6
2016-07-14,C_38179,07608,40.852997,-74.060355,5
2015-11-07,C_38203,11214,40.599148,-73.99609,4
2017-01-05,C_38228,06001,41.787159,-72.852046,2
2017-02-21,C_38260,02126,42.274227,-71.097423,3
2016-01-07,C_38307,06002,41.84493,-72.740951,5
2015-05-22,C_38348,19106,39.948629,-75.142789,5
2017-06-25,C_38374,06002,41.84493,-72.740951,4
2017-11-02,C_38402,19102,39.952783,-75.165586,3
2017-06-25,C_38413,06479,41.57477,-72.9119,2
2016-01-08,C_38452,02126,42.274227,-71.097423,2
2017-11-01,C_38474,02126,42.274227,-71.097423,1
2018-07-21,C_38480,07608,40.852997,-74.060355,2
2016-05-06,C_38520,06467,41.567845,-72.899757,4
2016-04-20,C_38554,06002,41.84493,-72.740951,2
2016-08-19,C_38589,07087,40.767383,-74.032328,1
2017-01-23,C_38591,02127,42.334992,-71.039093,2
2016-02-01,C_38630,11213,40.671078,-73.936336,4
2017-05-11,C_38634,19106,39.948629,-75.142789,4
2017-03-27,C_38641,02128,42.361129,-71.006975,3
2015-11-01,C_38668,07608,40.852997,-74.060355,6
2018-12-30,C_38717,02129,42.379657,-71.061487,3
2016-01-20,C_38744,07608,40.852997,-74.060355,4
2015-11-27,C_38782,11214,40.599148,-73.99609,2
2017-07-23,C_38802,11103,40.762574,-73.913447,2
2015-12-17,C_38834,07620,40.968725,-73.916999,5
2015-10-05,C_38852,02127,42.334992,-71.039093,6
2017-03-15,C_38854,02126,42.274227,-71.097423,3
2017-01-08,C_38885,07620,40.968725,-73.916999,6
2017-01-08,C_38900,06001,41.787159,-72.852046,5
2018-05-26,C_38932,06479,41.57477,-72.9119,5
2017-06-28,C_38935,06467,41.567845,-72.899757,2
2015-04-13,C_38947,02128,42.361129,-71.006975,6
2018-09-04,C_38950,02128,42.361129,-71.006975,1
2015-03-16,C_38994,07087,40.767383,-74.032328,3
2015-01-08,C_39007,07608,40.852997,-74.060355,2
2018-08-01,C_39015,19102,39.952783,-75.165586,5
2017-09-14,C_39047,06467,41.567845,-72.899757,3
2015-07-07,C_39087,07620,40.968725,-73.916999,5
2015-12-26,C_39093,11103,40.762574,-73.913447,5
2017-10-19,C_39126,19102,39.952783,-75.165586,2
2017-08-10,C_39157,07087,40.767383,-74.032328,3
2016-09-04,C_39161,19106,39.948629,-75.142789,2
2018-11-04,C_39170,06467,41.567845,-72.899757,4
2018-08-23,C_39191,19102,39.952783,-75.165586,5
2016-03-13,C_39230,07620,40.968725,-73.916999,2
2018-10-28,C_39270,07093,40.788079,-74.011357,5
2016-11-27,C_39309,19106,39.948629,-75.142789,5
2015-11-08,C_39310,11213,40.671078,-73.936336,6
2017-10-28,C_39330,07093,40.788079,-74.011357,2
2018-09-14,C_39364,02129,42.379657,-71.061487,3
2018-11-13,C_39408,19102,39.952783,-75.165586,5
2015-10-02,C_39444,19106,39.948629,-75.142789,2
2017-02-28,C_39464,11214,40.599148,-73.99609,1
2015-04-06,C_39489,06002,41.84493,-72.740951,4
2017-12-03,C_39510,07093,40.788079,-74.011357,1
2018-11-19,C_39524,11213,40.671078,-73.936336,6
2018-08-15,C_39525,11213,40.671078,-73.936336,3
2015-05-09,C_39554,06467,41.567845,-72.899757,5
2017-11-05,C_39594,02128,42.361129,-71.006975,5
2017-01-26,C_39641,07620,40.968725,-73.916999,2
2015-11-28,C_39688,11214,40.599148,-73.99609,5
2017-08-26,C_39736,06467,41.567845,-72.899757,6
2018-03-02,C_39775,19104,39.95852,-75.198857,6
2015-01-08,C_39796,11213,40.671078,-73.936336,5
2016-04-15,C_39799,02126,42.274227,-71.097423,4
2017-02-18,C_39817,06002,41.84493,-72.740951,3
2017-10-10,C_39859,19102,39.952783,-75.165586,2
2017-06-03,C_39883,07093,40.788079,-74.011357,1
2017-02-05,C_39930,07620,40.968725,-73.916999,6
2015-02-09,C_39942,07620,40.968725,-73.916999,3
2018-08-31,C_39967,19104,39.95852,-75.198857,5
2018-09-06,C_39979,06002,41.84493,-72.740951,5
2018-03-18,C_39987,07087,40.767383,-74.032328,5
2015-02-16,C_40032,06002,41.84493,-72.740951,6
2015-05-27,C_40034,11104,40.744634,-73.920201,3
2016-05-09,C_40057,11103,40.762574,-73.913447,4
2017-01-11,C_40107,02126,42.274227,-71.097423,3
2015-04-13,C_40110,07608,40.852997,-74.060355,5
2015-12-22,C_40145,07620,40.968725,-73.916999,3
2015-12-20,C_40158,02127,42.334992,-71.039093,2
2018-10-27,C_40192,19103,39.952896,-75.174298,4
2016-01-17,C_40202,06002,41.84493,-72.740951,3
2015-04-16,C_40249,11103,40.762574,-73.913447,3
2017-04-03,C_40269,11214,40.599148,-73.99609,5
2015-01-03,C_40306,11104,40.744634,-73.920201,5
2018-02-03,C_40348,06002,41.84493,-72.740951,3
2018-10-18,C_40393,07608,40.852997,-74.060355,1
2015-11-14,C_40397,07620,40.968725,-73.916999,4
2015-06-18,C_40432,06001,41.787159,-72.852046,6
2017-06-12,C_40439,11213,40.671078,-73.936336,4
2016-12-10,C_40463,07620,40.968725,-73.916999,3
2018-03-13,C_40482,02126,42.274227,-71.097423,1
2016-06-06,C_40527,02129,42.379657,-71.061487,3
2018-12-05,C_40549,06479,41.57477,-72.9119,3
2017-11-11,C_40569,07093,40.788079,-74.011357,2
2018-12-29,C_40600,07087,40.767383,-74.032328,4
2016-11-02,C_40650,07093,40.788079,-74.011357,2
2017-11-16,C_40698,19103,39.952896,-75.174298,3
2017-03-28,C_40711,07087,40.767383,-74.032328,4
2017-12-24,C_40732,11214,40.599148,-73.99609,4
2017-02-25,C_40778,11104,40.744634,-73.920201,4
2016-02-15,C_40807,06467,41.567845,-72.899757,5
2016-07-17,C_40837,06001,41.787159,-72.852046,3
2015-01-02,C_40883,19103,39.952896,-75.174298,3
2017-05-15,C_40891,06479,41.57477,-72.9119,4
2017-08-15,C_40931,11104,40.744634,-73.920201,2
2018-12-20,C_40952,11103,40.762574,-73.913447,1
2015-01-09,C_40999,11104,40.744634,-73.920201,1
2015-05-30,C_41049,19106,39.948629,-75.142789,4
2015-03-10,C_41078,02128,42.361129,-71.006975,5
2018-04-22,C_41091,11104,40.744634,-73.920201,2
2016-04-14,C_41136,02129,42.379657,-71.061487,2
2017-09-09,C_41155,02126,42.274227,-71.097423,2
2015-12-31,C_41195,07093,40.788079,-74.011357,4
2015-09-27,C_41232,02128,42.361129,-71.006975,2
2017-04-26,C_41277,06002,41.84493,-72.740951,3
2017-08-07,C_41321,07087,40.767383,-74.032328,5
2015-06-25,C_41350,19106,39.948629,-75.142789,3
2018-10-21,C_41385,11103,40.762574,-73.913447,1
2016-03-22,C_41401,07087,40.767383,-74.032328,6
2018-12-24,C_41422,02128,42.361129,-71.006975,4
2016-11-25,C_41431,02129,42.379657,-71.061487,3
2018-10-27,C_41471,06479,41.57477,-72.9119,1
2018-03-24,C_41489,11214,40.599148,-73.99609,1
2015-10-20,C_41492,06002,41.84493,-72.740951,5
2016-08-26,C_41506,11104,40.744634,-73.920201,5
2017-03-28,C_41545,06002,41.84493,-72.740951,3
2015-02-25,C_41572,11213,40.671078,-73.936336,2
2018-06-08,C_41621,07620,40.968725,-73.916999,3
2018-01-04,C_41624,07087,40.767383,-74.032328,4
2017-07-08,C_41642,11214,40.599148,-73.99609,2
2016-04-27,C_41678,19104,39.95852,-75.198857,2
2017-03-03,C_41683,07620,40.968725,-73.916999,2
2016-01-27,C_41717,11214,40.599148,-73.99609,3
2016-01-07,C_41755,11103,40.762574,-73.913447,3
2015-04-29,C_41787,07087,40.767383,-74.032328,4
2017-07-20,C_41832,11104,40.744634,-73.920201,5
2016-12-21,C_41853,11213,40.671078,-73.936336,3
2015-05-19,C_41894,06479,41.57477,-72.9119,5
2018-05-14,C_41927,19104,39.95852,-75.198857,3
2015-11-20,C_41958,19104,39.95852,-75.198857,2
2018-06-04,C_42007,07608,40.852997,-74.060355,2
2018-10-22,C_42011,19106,39.948629,-75.142789,2
2017-04-20,C_42030,02129,42.379657,-71.061487,5
2018-05-16,C_42060,11103,40.762574,-73.913447,6
2018-02-19,C_42081,06467,41.567845,-72.899757,1
2016-04-02,C_42115,06001,41.787159,-72.852046,3
2015-04-19,C_42151,06001,41.787159,-72.852046,2
2017-04-03,C_42184,11103,40.762574,-73.913447,2
2017-05-05,C_42207,02126,42.274227,-71.097423,1
2016-10-02,C_42240,06001,41.787159,-72.852046,1
2015-12-15,C_42258,19102,39.952783,-75.165586,2
2015-02-10,C_42292,06467,41.567845,-72.899757,5
2015-02-24,C_42335,19104,39.95852,-75.198857,1
2016-01-23,C_42338,06001,41.787159,-72.852046,4
2018-09-30,C_42355,07608,40.852997,-74.060355,6
2016-03-07,C_42402,11103,40.762574,-73.913447,5
2018-10-25,C_42420,19106,39.948629,-75.142789,2
2015-01-05,C_42433,06001,41.787159,-72.852046,1
2017-08-27,C_42443,11213,40.671078,-73.936336,5
2015-02-03,C_42485,02129,42.379657,-71.061487,3
2017-09-15,C_42504,11103,40.762574,-73.913447,5
2015-03-03,C_42513,19106,39.948629,-75.142789,2
2015-03-31,C_42531,02127,42.334992,-71.039093,2
2018-06-26,C_42538,19104,39.95852,-75.198857,5
2017-09-25,C_42559,02127,42.334992,-71.039093,4
2018-05-06,C_42577,02127,42.334992,-71.039093,4
2017-07-13,C_42586,11104,40.744634,-73.920201,3
2016-01-03,C_42618,11213,40.671078,-73.936336,5
2018-10-24,C_42643,11104,40.744634,-73.920201,3
2015-05-24,C_42665,02126,42.274227,-71.097423,3
2015-06-09,C_42688,02128,42.361129,-71.006975,2
2015-04-22,C_42724,19102,39.952783,-75.165586,6
2015-08-02,C_42758,11104,40.744634,-73.920201,4
2016-03-07,C_42808,07087,40.767383,-74.032328,5
2017-05-15,C_42843,19102,39.952783,-75.165586,3
2018-05-19,C_42873,19102,39.952783,-75.165586,4
2015-03-23,C_42898,02129,42.379657,-71.061487,3
2018-08-22,C_42932,02127,42.334992,-71.039093,2
2015-07-04,C_42939,19104,39.95852,-75.198857,3
2017-09-06,C_42983,06479,41.57477,-72.9119,4
2017-09-03,C_43007,06479,41.57477,-72.9119,2
2017-10-28,C_43029,11213,40.671078,-73.936336,4
2015-06-06,C_43078,07608,40.852997,-74.060355,5
2018-11-25,C_43088,11214,40.599148,-73.99609,5
2016-01-13,C_43107,02127,42.334992,-71.039093,5
2016-07-21,C_43134,11104,40.744634,-73.920201,1
2015-03-23,C_43168,07087,40.767383,-74.032328,4
2015-12-25,C_43172,11213,40.671078,-73.936336,4
2016-08-02,C_43201,06479,41.57477,-72.9119,3
2018-04-25,C_43220,06001,41.787159,-72.852046,1
2017-05-09,C_43231,11213,40.671078,-73.936336,6
2016-05-09,C_43254,11103,40.762574,-73.913447,2
2015-08-11,C_43272,19104,39.95852,-75.198857,1
2017-10-10,C_43295,19104,39.95852,-75.198857,2
2017-02-17,C_43337,02126,42.274227,-71.097423,1
2018-08-04,C_43368,02127,42.334992,-71.039093,2
2015-06-28,C_43376,02128,42.361129,-71.006975,5
2018-12-18,C_43397,02126,42.274227,-71.097423,2
2018-05-23,C_43444,19106,39.948629,-75.142789,5
2015-10-02,C_43473,07608,40.852997,-74.060355,2
2015-02-24,C_43475,06002,41.84493,-72.740951,4
2017-12-18,C_43481,19102,39.952783,-75.165586,4
2016-01-16,C_43522,19103,39.952896,-75.174298,4
2015-06-06,C_43542,06467,41.567845,-72.899757,1
2018-05-07,C_43588,11213,40.671078,-73.936336,3
2017-08-20,C_43632,02128,42.361129,-71.006975,4
2015-02-15,C_43676,19103,39.952896,-75.174298,6
2016-01-04,C_43683,02126,42.274227,-71.097423,4
2018-12-30,C_43716,11103,40.762574,-73.913447,1
2017-03-29,C_43752,19102,39.952783,-75.165586,3
2015-11-04,C_43792,19102,39.952783,-75.165586,2
2015-08-14,C_43815,19104,39.95852,-75.198857,2
2016-06-30,C_43820,19106,39.948629,-75.142789,2
2017-03-19,C_43870,02128,42.361129,-71.006975,5
2015-11-12,C_43917,02127,42.334992,-71.039093,4
2015-07-23,C_43934,07608,40.852997,-74.060355,5
2017-04-07,C_43979,19104,39.95852,-75.198857,4
2016-04-17,C_44015,06467,41.567845,-72.899757,2
2015-12-20,C_44035,11214,40.599148,-73.99609,4
2015-05-28,C_44064,07620,40.968725,-73.916999,6
2017-12-18,C_44080,19103,39.952896,-75.174298,4
2016-05-21,C_44129,02128,42.361129,-71.006975,2
2016-06-01,C_44153,11214,40.599148,-73.99609,4
2015-09-05,C_44184,11214,40.599148,-73.99609,2
2015-05-25,C_44215,06002,41.84493,-72.740951,5
2017-05-24,C_44247,06001,41.787159,-72.852046,4
2017-08-04,C_44286,07608,40.852997,-74.060355,3
2016-04-05,C_44314,11214,40.599148,-73.99609,4
2016-02-11,C_44334,06467,41.567845,-72.899757,3
2017-04-29,C_44336,07620,40.968725,-73.916999,1
2015-10-23,C_44345,07087,40.767383,-74.032328,5
2017-04-23,C_44391,07093,40.788079,-74.011357,3
2018-09-26,C_44403,06479,41.57477,-72.9119,4
2017-07-08,C_44437,06002,41.84493,-72.740951,6
2018-09-16,C_44487,11103,40.762574,-73.913447,2
2018-11-15,C_44492,19106,39.948629,-75.142789,4
2018-09-08,C_44508,07087,40.767383,-74.032328,5
2017-12-25,C_44542,19104,39.95852,-75.198857,3
2017-07-13,C_44562,06479,41.57477,-72.9119,4
2017-08-24,C_44587,02128,42.361129,-71.006975,1
2017-12-05,C_44614,19103,39.952896,-75.174298,4
2015-07-01,C_44631,06002,41.84493,-72.740951,4
2018-09-06,C_44679,07608,40.852997,-74.060355,3
2017-04-09,C_44685,07087,40.767383,-74.032328,3
2018-10-24,C_44726,11213,40.671078,-73.936336,3
2016-10-04,C_44738,07608,40.852997,-74.060355,4
2017-08-07,C_44770,11213,40.671078,-73.936336,4
2017-05-12,C_44774,02128,42.361129,-71.006975,3
2016-11-03,C_44823,19106,39.948629,-75.142789,6
2018-10-03,C_44838,07620,40.968725,-73.916999,6
2018-08-09,C_44842,07087,40.767383,-74.032328,3
2017-09-12,C_44855,11103,40.762574,-73.913447,4
2016-06-20,C_44901,02126,42.274227,-71.097423,3
2017-04-20,C_44926,11103,40.762574,-73.913447,1
2017-02-17,C_44942,11104,40.744634,-73.920201,5
2017-01-15,C_44951,02127,42.334992,-71.039093,4
2015-07-21,C_44993,07608,40.852997,-74.060355,5
2016-03-17,C_45042,07608,40.852997,-74.060355,2
2016-10-14,C_45063,11213,40.671078,-73.936336,2
2017-06-28,C_45067,02126,42.274227,-71.097423,4
2018-11-06,C_45091,06002,41.84493,-72.740951,5
2016-11-05,C_45111,19102,39.952783,-75.165586,1
2017-03-28,C_45148,02126,42.274227,-71.097423,5
2018-08-01,C_45185,19104,39.95852,-75.198857,1
2016-07-12,C_45207,19104,39.95852,-75.198857,4
2016-05-10,C_45233,07087,40.767383,-74.032328,5
2017-08-04,C_45253,11103,40.762574,-73.913447,4
2018-11-28,C_45297,19103,39.952896,-75.174298,2
2017-10-30,C_45334,07087,40.767383,-74.032328,1
2016-01-07,C_45343,02126,42.274227,-71.097423,1
2017-07-17,C_45370,19102,39.952783,-75.165586,3
2015-07-08,C_45374,07087,40.767383,-74.032328,4
2018-11-10,C_45409,19106,39.948629,-75.142789,6
2017-02-24,C_45436,19102,39.952783,-75.165586,2
2015-08-22,C_45474,11213,40.671078,-73.936336,5
2016-10-08,C_45502,07087,40.767383,-74.032328,6
2015-09-03,C_45504,19106,39.948629,-75.142789,1
2015-01-21,C_45541,06001,41.787159,-72.852046,5
2018-01-28,C_45545,02128,42.361129,-71.006975,5
2016-10-11,C_45580,07620,40.968725,-73.916999,2
2018-01-17,C_45620,11103,40.762574,-73.913447,2
2018-06-02,C_45644,19104,39.95852,-75.198857,2
2018-09-22,C_45656,11103,40.762574,-73.913447,4
2018-01-01,C_45696,06001,41.787159,-72.852046,5
2015-04-20,C_45705,07608,40.852997,-74.060355,5
2017-02-18,C_45729,19102,39.952783,-75.165586,4
2018-08-28,C_45754,02126,42.274227,-71.097423,6
2018-04-27,C_45771,02129,42.379657,-71.061487,1
2018-02-16,C_45780,02126,42.274227,-71.097423,3
2015-05-08,C_45790,19103,39.952896,-75.174298,2
2018-07-06,C_45803,11214,40.599148,-73.99609,3
2016-08-06,C_45852,19102,39.952783,-75.165586,4
2016-02-14,C_45883,19106,39.948629,-75.142789,2
2016-08-25,C_45890,06002,41.84493,-72.740951,2
2016-10-24,C_45932,11213,40.671078,-73.936336,5
2018-11-07,C_45979,19104,39.95852,-75.198857,4
2015-06-26,C_46023,06001,41.787159,-72.852046,2
2015-01-31,C_46034,02127,42.334992,-71.039093,2
2015-02-03,C_46084,02128,42.361129,-71.006975,4
2017-03-16,C_46109,07087,40.767383,-74.032328,5
2017-12-10,C_46115,11213,40.671078,-73.936336,4
2016-04-07,C_46129,02127,42.334992,-71.039093,5
2015-01-11,C_46176,19103,39.952896,-75.174298,6
2016-02-04,C_46203,02126,42.274227,-71.097423,5
2017-07-04,C_46222,19103,39.952896,-75.174298,3
2016-05-23,C_46235,06001,41.787159,-72.852046,1
2015-11-01,C_46237,11104,40.744634,-73.920201,5
2015-02-19,C_46277,07608,40.852997,-74.060355,4
2016-08-24,C_46286,06479,41.57477,-72.9119,5
2015-08-31,C_46316,07608,40.852997,-74.060355,2
2017-06-19,C_46361,11213,40.671078,-73.936336,4
2018-11-18,C_46387,11104,40.744634,-73.920201,2
2018-03-13,C_46437,11103,40.762574,-73.913447,1
2015-04-16,C_46465,11103,40.762574,-73.913447,5
2018-09-04,C_46480,11104,40.744634,-73.920201,2
2018-10-09,C_46504,06001,41.787159,-72.852046,5
2018-02-20,C_46528,07093,40.788079,-74.011357,4
2018-02-24,C_46546,02126,42.274227,-71.097423,3
2017-08-14,C_46591,06479,41.57477,-72.9119,1
2018-12-24,C_46624,07093,40.788079,-74.011357,2
2016-06-04,C_46645,07620,40.968725,-73.916999,6
2017-02-28,C_46692,19102,39.952783,-75.165586,3
2015-03-31,C_46728,06479,41.57477,-72.9119,2
2015-07-02,C_46730,06467,41.567845,-72.899757,1
2015-04-01,C_46762,02129,42.379657,-71.061487,4
2015-04-29,C_46812,19104,39.95852,-75.198857,5
2015-07-30,C_46850,11104,40.744634,-73.920201,3
2017-11-21,C_46873,02126,42.274227,-71.097423,3
2015-12-26,C_46907,02128,42.361129,-71.006975,5
2018-12-01,C_46944,19106,39.948629,-75.142789,1
2018-01-16,C_46947,19104,39.95852,-75.198857,4
2018-10-21,C_46949,07608,40.852997,-74.060355,1
2017-08-07,C_46985,07620,40.968725,-73.916999,4
2015-07-13,C_47015,02129,42.379657,-71.061487,4
2015-01-14,C_47055,11103,40.762574,-73.913447,5
2018-06-20,C_47100,02129,42.379657,-71.061487,3
2017-04-06,C_47127,07093,40.788079,-74.011357,2
2015-04-01,C_47129,06001,41.787159,-72.852046,4
2016-12-29,C_47146,19104,39.95852,-75.198857,3
2018-06-04,C_47173,19104,39.95852,-75.198857,5
2017-10-19,C_47198,11104,40.744634,-73.920201,4
2017-08-24,C_47208,19102,39.952783,-75.165586,5
2018-01-15,C_47228,11213,40.671078,-73.936336,2
2017-12-02,C_47234,19106,39.948629,-75.142789,3
2016-05-04,C_47249,06467,41.567845,-72.899757,2
2017-07-26,C_47268,11213,40.671078,-73.936336,4
2015-05-02,C_47269,02128,42.361129,-71.006975,3
2018-01-23,C_47271,11213,40.671078,-73.936336,5
2017-03-16,C_47295,06001,41.787159,-72.852046,2
2016-08-25,C_47304,19103,39.952896,-75.174298,4
2015-07-05,C_47316,07093,40.788079,-74.011357,2
2016-09-03,C_47338,19102,39.952783,-75.165586,5
2016-03-24,C_47340,06002,41.84493,-72.740951,5
2018-11-19,C_47348,11103,40.762574,-73.913447,4
2016-04-17,C_47357,19103,39.952896,-75.174298,6
2018-03-30,C_47384,02126,42.274227,-71.097423,4
2018-06-16,C_47403,11103,40.762574,-73.913447,5
2018-03-14,C_47444,07087,40.767383,-74.032328,4
2018-10-18,C_47460,02129,42.379657,-71.061487,4
2018-01-23,C_47509,07608,40.852997,-74.060355,3
2016-06-29,C_47522,07608,40.852997,-74.060355,2
2016-08-31,C_47557,07608,40.852997,-74.060355,2
2016-01-29,C_47559,07620,40.968725,-73.916999,3
2018-03-13,C_47609,02129,42.379657,-71.061487,2
2017-01-23,C_47640,02128,42.361129,-71.006975,4
2017-03-24,C_47668,19102,39.952783,-75.165586,4
2018-05-03,C_47704,06467,41.567845,-72.899757,2
2017-12-31,C_47750,11213,40.671078,-73.936336,3
2016-10-12,C_47798,07608,40.852997,-74.060355,2
2016-08-16,C_47802,07620,40.968725,-73.916999,3
2016-10-01,C_47824,07620,40.968725,-73.916999,2
2018-08-28,C_47825,19102,39.952783,-75.165586,5
2016-02-20,C_47866,19102,39.952783,-75.165586,4
2015-02-25,C_47888,02128,42.361129,-71.006975,1
2017-10-17,C_47889,07608,40.852997,-74.060355,3
2015-03-29,C_47906,02126,42.274227,-71.097423,5
2015-05-14,C_47936,07620,40.968725,-73.916999,3
2015-08-24,C_47948,02127,42.334992,-71.039093,4
2016-01-11,C_47956,06002,41.84493,-72.740951,2
2018-11-28,C_48001,06001,41.787159,-72.852046,3
2015-01-12,C_48020,11103,40.762574,-73.913447,4
2017-10-28,C_48025,11103,40.762574,-73.913447,6
2017-07-14,C_48031,11213,40.671078,-73.936336,5
2017-06-11,C_48033,11103,40.762574,-73.913447,3
2015-12-31,C_48037,02127,42.334992,-71.039093,2
2015-04-16,C_48045,07608,40.852997,-74.060355,1
2016-07-08,C_48070,02128,42.361129,-71.006975,4
2017-04-28,C_48099,06479,41.57477,-72.9119,3
2015-11-12,C_48122,07620,40.968725,-73.916999,4
2016-08-28,C_48125,19103,39.952896,-75.174298,1
2015-01-12,C_48141,02126,42.274227,-71.097423,3
2016-09-20,C_48143,07093,40.788079,-74.011357,3
2018-04-11,C_48146,19102,39.952783,-75.165586,2
2017-02-08,C_48175,11103,40.762574,-73.913447,1
2016-08-19,C_48204,06479,41.57477,-72.9119,3
2015-03-15,C_48254,11214,40.599148,-73.99609,3
2017-07-14,C_48273,06001,41.787159,-72.852046,1
2018-05-10,C_48276,19103,39.952896,-75.174298,3
2015-07-23,C_48317,02129,42.379657,-71.061487,5
2016-07-05,C_48327,07620,40.968725,-73.916999,3
2016-12-27,C_48330,19102,39.952783,-75.165586,2
2018-04-15,C_48364,06001,41.787159,-72.852046,3
2016-03-14,C_48412,02126,42.274227,-71.097423,1
2018-01-19,C_48452,02129,42.379657,-71.061487,5
2015-05-21,C_48455,07608,40.852997,-74.060355,2
2018-11-03,C_48490,11104,40.744634,-73.920201,5
2016-07-21,C_48527,11103,40.762574,-73.913447,6
2015-04-11,C_48533,06002,41.84493,-72.740951,1
2016-09-19,C_48580,06479,41.57477,-72.9119,1
2016-01-27,C_48615,11103,40.762574,-73.913447,4
2015-07-01,C_48660,19106,39.948629,-75.142789,2
2017-03-18,C_48697,02129,42.379657,-71.061487,2
2018-01-31,C_48707,11103,40.762574,-73.913447,1
2017-12-29,C_48734,19104,39.95852,-75.198857,1
2016-03-26,C_48752,07087,40.767383,-74.032328,5
2015-01-20,C_48762,19103,39.952896,-75.174298,3
2016-06-06,C_48797,11103,40.762574,-73.913447,5
2018-08-22,C_48818,11103,40.762574,-73.913447,2
2017-09-05,C_48834,02128,42.361129,-71.006975,1
2017-08-05,C_48847,19104,39.95852,-75.198857,2
2015-12-23,C_48854,06479,41.57477,-72.9119,4
2016-03-24,C_48866,11103,40.762574,-73.913447,2
2016-04-01,C_48873,11213,40.671078,-73.936336,4
2018-08-22,C_48885,06002,41.84493,-72.740951,6
2017-02-09,C_48895,11214,40.599148,-73.99609,4
2016-01-04,C_48932,11103,40.762574,-73.913447,4
2018-09-22,C_48937,11213,40.671078,-73.936336,5
2017-06-18,C_48942,11214,40.599148,-73.99609,3
2017-09-05,C_48989,02128,42.361129,-71.006975,5
2017-05-14,C_49015,02128,42.361129,-71.006975,5
2017-05-02,C_49047,11103,40.762574,-73.913447,2
2015-07-04,C_49097,11103,40.762574,-73.913447,4
2018-07-27,C_49103,02128,42.361129,-71.006975,5
2015-10-30,C_49115,11214,40.599148,-73.99609,1
2016-08-03,C_49141,11104,40.744634,-73.920201,4
2016-11-03,C_49177,07093,40.788079,-74.011357,3
2015-04-30,C_49214,02127,42.334992,-71.039093,5
2017-02-28,C_49264,19106,39.948629,-75.142789,3
2016-07-03,C_49293,07087,40.767383,-74.032328,5
2018-05-19,C_49303,11104,40.744634,-73.920201,2
2016-09-15,C_49307,11214,40.599148,-73.99609,2
2017-08-04,C_49345,19106,39.948629,-75.142789,5
2018-11-26,C_49366,07087,40.767383,-74.032328,5
2017-07-20,C_49396,02128,42.361129,-71.006975,5
2016-09-25,C_49412,11104,40.744634,-73.920201,3
2016-04-17,C_49461,11213,40.671078,-73.936336,5
2018-03-29,C_49493,07093,40.788079,-74.011357,5
2018-07-31,C_49507,19103,39.952896,-75.174298,4
2016-03-14,C_49549,02129,42.379657,-71.061487,5
2015-08-20,C_49567,02129,42.379657,-71.061487,6
2017-11-27,C_49610,19104,39.95852,-75.198857,5
2017-07-01,C_49617,07608,40.852997,-74.060355,3
2017-03-03,C_49632,06002,41.84493,-72.740951,1
2017-03-12,C_49645,07093,40.788079,-74.011357,4
2015-11-14,C_49669,11213,40.671078,-73.936336,4
2016-02-08,C_49710,19102,39.952783,-75.165586,2
2017-05-27,C_49747,07093,40.788079,-74.011357,6
2016-12-21,C_49770,07087,40.767383,-74.032328,6
2018-03-14,C_49817,11104,40.744634,-73.920201,5
2017-07-05,C_49852,06479,41.57477,-72.9119,1
2016-02-17,C_49892,11214,40.599148,-73.99609,4
2017-03-13,C_49907,06479,41.57477,-72.9119,5
2015-01-24,C_49924,06001,41.787159,-72.852046,3
2017-05-30,C_49957,11103,40.762574,-73.913447,4
2016-06-29,C_49983,19103,39.952896,-75.174298,4
2015-08-09,C_49991,19103,39.952896,-75.174298,3
2016-01-27,C_49992,02128,42.361129,-71.006975,2
2016-07-14,C_50018,02126,42.274227,-71.097423,6
2016-11-25,C_50026,19106,39.948629,-75.142789,3
2016-04-12,C_50046,11213,40.671078,-73.936336,2
2016-09-22,C_50074,06479,41.57477,-72.9119,3
2018-12-23,C_50086,02126,42.274227,-71.097423,2
2017-03-10,C_50122,06479,41.57477,-72.9119,3
2018-08-13,C_50127,02129,42.379657,-71.061487,5
2017-11-18,C_50143,11103,40.762574,-73.913447,2
2015-01-28,C_50175,02128,42.361129,-71.006975,4
2018-10-02,C_50211,06479,41.57477,-72.9119,3
2015-09-06,C_50238,06479,41.57477,-72.9119,3
2018-03-23,C_50248,02128,42.361129,-71.006975,5
2016-04-26,C_50298,02129,42.379657,-71.061487,3
2015-07-01,C_50303,06479,41.57477,-72.9119,4
2015-02-03,C_50333,06002,41.84493,-72.740951,2
2017-05-02,C_50344,02129,42.379657,-71.061487,5
2016-03-20,C_50350,06002,41.84493,-72.740951,4
2015-01-17,C_50361,02129,42.379657,-71.061487,5
2015-02-08,C_50396,02128,42.361129,-71.006975,3
2017-12-05,C_50400,07093,40.788079,-74.011357,4
2017-01-23,C_50402,07087,40.767383,-74.032328,2
2018-06-14,C_50416,11213,40.671078,-73.936336,5
2015-08-22,C_50459,06001,41.787159,-72.852046,2
2016-11-19,C_50485,19103,39.952896,-75.174298,4
2017-05-18,C_50527,19102,39.952783,-75.165586,4
2016-05-28,C_50548,02129,42.379657,-71.061487,2
2017-01-04,C_50592,19102,39.952783,-75.165586,2
2015-01-01,C_50616,06002,41.84493,-72.740951,2
2016-10-24,C_50645,11214,40.599148,-73.99609,5
